Date,close,return
2019-01-02,10792.5,
2019-01-03,10672.25,-0.011141996757007222
2019-01-04,10727.349609375,0.0051628859308019415
2019-01-07,10771.7998046875,0.004143632577580325
2019-01-08,10802.150390625,0.0028175965472634346
2019-01-09,10855.150390625,0.004906430486840696
2019-01-10,10821.599609375,-0.0030907707440862575
2019-01-11,10794.9501953125,-0.0024626132017869784
2019-01-14,10737.599609375,-0.005312723532749919
2019-01-15,10886.7998046875,0.013895116296032572
2019-01-16,10890.2998046875,0.0003214902508350548
2019-01-17,10905.2001953125,0.001368225934293088
2019-01-18,10906.9501953125,0.0001604738994844812
2019-01-21,10961.849609375,0.0050334340103701525
2019-01-22,10922.75,-0.0035668806605010372
2019-01-23,10831.5,-0.008354123274816327
2019-01-24,10849.7998046875,0.001689498655541799
2019-01-25,10780.5498046875,-0.006382606245884936
2019-01-28,10661.5498046875,-0.011038398055380982
2019-01-29,10652.2001953125,-0.0008769465552643796
2019-01-30,10651.7998046875,-3.758759858607519e-05
2019-01-31,10830.9501953125,0.016818790618479573
2019-02-01,10893.650390625,0.005788983808607595
2019-02-04,10912.25,0.0017073807867935553
2019-02-05,10934.349609375,0.0020252110586724825
2019-02-06,11062.4501953125,0.011715428033110209
2019-02-07,11069.400390625,0.0006282690714798367
2019-02-08,10943.599609375,-0.011364733121095205
2019-02-11,10888.7998046875,-0.005007475295473629
2019-02-12,10831.400390625,-0.005271417887377283
2019-02-14,10746.0498046875,-0.007879921603800577
2019-02-15,10724.400390625,-0.002014639281967212
2019-02-18,10640.9501953125,-0.00778133902809619
2019-02-19,10604.349609375,-0.0034395975233135756
2019-02-20,10735.4501953125,0.012362906803977669
2019-02-21,10789.849609375,0.005067269008080633
2019-02-22,10791.650390625,0.00016689586186968697
2019-02-25,10880.099609375,0.008196078963680797
2019-02-26,10835.2998046875,-0.004117591409631749
2019-02-27,10806.650390625,-0.002644081343287419
2019-02-28,10792.5,-0.0013094150466157473
2019-03-01,10863.5,0.006578642575862936
2019-03-05,10987.4501953125,0.011409784628572783
2019-03-06,11053.0,0.005965879573721855
2019-03-07,11058.2001953125,0.00047047817900125466
2019-03-08,11035.400390625,-0.0020618006804727917
2019-03-11,11168.0498046875,0.012020353532001593
2019-03-12,11301.2001953125,0.011922438828049886
2019-03-13,11341.7001953125,0.0035836901656514097
2019-03-14,11343.25,0.00013664659273393553
2019-03-15,11426.849609375,0.007369987382364052
2019-03-18,11462.2001953125,0.0030936423551506387
2019-03-19,11532.400390625,0.006124495656707252
2019-03-20,11521.0498046875,-0.0009842344657688962
2019-03-22,11456.900390625,-0.005568018119008533
2019-03-25,11354.25,-0.008959700017030503
2019-03-26,11483.25,0.011361384503600025
2019-03-27,11445.0498046875,-0.0033266013813597617
2019-03-28,11570.0,0.010917400749215211
2019-04-01,11669.150390625,0.008569610252809001
2019-04-02,11713.2001953125,0.0037748939051200914
2019-04-03,11643.9501953125,-0.005912133221091298
2019-04-04,11598.0,-0.003946272059030087
2019-04-05,11665.9501953125,0.005858785593421345
2019-04-08,11604.5,-0.005267483083991831
2019-04-09,11671.9501953125,0.005812417192683883
2019-04-10,11584.2998046875,-0.007509489773200095
2019-04-11,11596.7001953125,0.0010704480058416621
2019-04-12,11643.4501953125,0.0040313191867198395
2019-04-15,11690.349609375,0.0040279653604204935
2019-04-16,11787.150390625,0.008280400884877803
2019-04-18,11752.7998046875,-0.0029142400664389223
2019-04-22,11594.4501953125,-0.013473352052831178
2019-04-23,11575.9501953125,-0.0015955909670886115
2019-04-24,11726.150390625,0.012975193636658888
2019-04-25,11641.7998046875,-0.007193374050953438
2019-04-26,11754.650390625,0.009693568677590747
2019-04-30,11748.150390625,-0.0005529726349993158
2019-05-02,11724.75,-0.001991836148409698
2019-05-03,11712.25,-0.0010661208128105448
2019-05-06,11598.25,-0.00973339879186319
2019-05-07,11497.900390625,-0.008652133673183404
2019-05-08,11359.4501953125,-0.012041345863927244
2019-05-09,11301.7998046875,-0.005075103956069027
2019-05-10,11278.900390625,-0.0020261741013145596
2019-05-13,11148.2001953125,-0.011588026384304118
2019-05-14,11222.0498046875,0.006624352638199937
2019-05-15,11157.0,-0.005796606308085428
2019-05-16,11257.099609375,0.008971910851931497
2019-05-17,11407.150390625,0.013329435330307948
2019-05-20,11828.25,0.036915407876193296
2019-05-21,11709.099609375,-0.010073374389702572
2019-05-22,11737.900390625,0.0024596922232125173
2019-05-23,11657.0498046875,-0.006887993870017373
2019-05-24,11844.099609375,0.016046067214389392
2019-05-27,11924.75,0.006809330661248669
2019-05-28,11928.75,0.0003354368016101894
2019-05-29,11861.099609375,-0.005671205333752538
2019-05-30,11945.900390625,0.007149487319284775
2019-05-31,11922.7998046875,-0.0019337668306382838
2019-06-03,12088.5498046875,0.013901936014629301
2019-06-04,12021.650390625,-0.005534114111566901
2019-06-06,11843.75,-0.014798333410505293
2019-06-07,11870.650390625,0.0022712730870713127
2019-06-10,11922.7001953125,0.004384747505377318
2019-06-11,11965.599609375,0.0035981290613484873
2019-06-12,11906.2001953125,-0.004964181988503125
2019-06-13,11914.0498046875,0.0006592875347493088
2019-06-14,11823.2998046875,-0.007617057296864349
2019-06-17,11672.150390625,-0.012784029548381648
2019-06-18,11691.5,0.0016577587443133979
2019-06-19,11691.4501953125,-4.259905700743083e-06
2019-06-20,11831.75,0.012000205478679637
2019-06-21,11724.099609375,-0.009098433505187353
2019-06-24,11699.650390625,-0.002085381356743965
2019-06-25,11796.4501953125,0.008273734808782462
2019-06-26,11847.5498046875,0.004331778503613437
2019-06-27,11841.5498046875,-0.0005064338279993086
2019-06-28,11788.849609375,-0.004450447465215945
2019-07-01,11865.599609375,0.006510389269786421
2019-07-02,11910.2998046875,0.003767209141051886
2019-07-03,11916.75,0.0005415644793391738
2019-07-04,11946.75,0.0025174649128327786
2019-07-05,11811.150390625,-0.011350334557515662
2019-07-08,11558.599609375,-0.02138240331360608
2019-07-09,11555.900390625,-0.00023352472109261502
2019-07-10,11498.900390625,-0.004932545113165099
2019-07-11,11582.900390625,0.007305046321514741
2019-07-12,11552.5,-0.0026245922523520093
2019-07-15,11588.349609375,0.0031031905972733753
2019-07-16,11662.599609375,0.006407297199588324
2019-07-17,11687.5,0.0021350634900458854
2019-07-18,11596.900390625,-0.007751838235294128
2019-07-19,11419.25,-0.01531878214359883
2019-07-22,11346.2001953125,-0.006397075524881224
2019-07-23,11331.0498046875,-0.0013352832106081625
2019-07-24,11271.2998046875,-0.005273121293252303
2019-07-25,11252.150390625,-0.0016989534831232112
2019-07-26,11284.2998046875,0.0028571795564771296
2019-07-29,11189.2001953125,-0.008427603929443195
2019-07-30,11085.400390625,-0.009276785013729971
2019-07-31,11118.0,0.00294076968140633
2019-08-01,10980.0,-0.012412304371289817
2019-08-02,10997.349609375,0.0015801101434427256
2019-08-05,10862.599609375,-0.012252952282714391
2019-08-06,10948.25,0.007884888857643269
2019-08-07,10855.5,-0.00847167355513434
2019-08-08,11032.4501953125,0.016300510829763803
2019-08-09,11109.650390625,0.006997556657477588
2019-08-13,10925.849609375,-0.01654424529912324
2019-08-14,11029.400390625,0.009477595331455646
2019-08-16,11047.7998046875,0.0016682152620135504
2019-08-19,11053.900390625,0.0005521991749806165
2019-08-20,11017.0,-0.0033382235519596737
2019-08-21,10918.7001953125,-0.008922556475220111
2019-08-22,10741.349609375,-0.016242829527789215
2019-08-23,10829.349609375,0.008192639025843995
2019-08-26,11057.849609375,0.021100066785376237
2019-08-27,11105.349609375,0.004295591066795668
2019-08-28,11046.099609375,-0.005335266523260329
2019-08-29,10948.2998046875,-0.0088537862364102
2019-08-30,11023.25,0.006845829640179435
2019-09-03,10797.900390625,-0.02044311880570615
2019-09-04,10844.650390625,0.004329545403159107
2019-09-05,10847.900390625,0.000299686931614751
2019-09-06,10946.2001953125,0.009061643373168504
2019-09-09,11003.0498046875,0.005193547382711383
2019-09-11,11035.7001953125,0.0029673946046386845
2019-09-12,10982.7998046875,-0.00479356902496042
2019-09-13,11075.900390625,0.008476944640087414
2019-09-16,11003.5,-0.006536749886833726
2019-09-17,10817.599609375,-0.01689465993774708
2019-09-18,10840.650390625,0.002130859163064436
2019-09-19,10704.7998046875,-0.012531589991591652
2019-09-20,11274.2001953125,0.05319112930777714
2019-09-23,11600.2001953125,0.028915576657539077
2019-09-24,11588.2001953125,-0.0010344649056013289
2019-09-25,11440.2001953125,-0.012771612287114875
2019-09-26,11571.2001953125,0.01145084856589107
2019-09-27,11512.400390625,-0.005081564893442914
2019-09-30,11474.4501953125,-0.003296462425282254
2019-10-01,11359.900390625,-0.009983032105041145
2019-10-03,11314.0,-0.004040562773145462
2019-10-04,11174.75,-0.012307760296977222
2019-10-07,11126.400390625,-0.0043266837625002275
2019-10-09,11313.2998046875,0.01679783285706482
2019-10-10,11234.5498046875,-0.006960833829169011
2019-10-11,11305.0498046875,0.006275284833450412
2019-10-14,11341.150390625,0.003193315072573366
2019-10-15,11428.2998046875,0.007684353972992053
2019-10-16,11464.0,0.003123841334461419
2019-10-17,11586.349609375,0.010672506051552677
2019-10-18,11661.849609375,0.006516288783389612
2019-10-22,11588.349609375,-0.006302602285396697
2019-10-23,11604.099609375,0.001359123648397631
2019-10-24,11582.599609375,-0.0018527934715960592
2019-10-25,11583.900390625,0.00011230477560042473
2019-10-29,11786.849609375,0.017519938181983052
2019-10-30,11844.099609375,0.004857107869982835
2019-10-31,11877.4501953125,0.0028157974888274317
2019-11-01,11890.599609375,0.0011070906504571099
2019-11-04,11941.2998046875,0.004263888868356602
2019-11-05,11917.2001953125,-0.002018173043904281
2019-11-06,11966.0498046875,0.004099084396871566
2019-11-07,12012.0498046875,0.003844209304726398
2019-11-08,11908.150390625,-0.008649599006986697
2019-11-11,11913.4501953125,0.0004450569159482054
2019-11-13,11840.4501953125,-0.006127528029514329
2019-11-14,11872.099609375,0.002672990768123773
2019-11-15,11895.4501953125,0.001966845520657623
2019-11-18,11884.5,-0.0009205364347466549
2019-11-19,11940.099609375,0.004678329704657314
2019-11-20,11999.099609375,0.004941332311304558
2019-11-21,11968.400390625,-0.002558460196964596
2019-11-22,11914.400390625,-0.004511881140131235
2019-11-25,12073.75,0.013374538722098483
2019-11-26,12037.7001953125,-0.0029858001604721185
2019-11-27,12100.7001953125,0.005233557820665036
2019-11-28,12151.150390625,0.004169196368656758
2019-11-29,12056.0498046875,-0.007826467690735917
2019-12-02,12048.2001953125,-0.0006510929783939412
2019-12-03,11994.2001953125,-0.004481997238144242
2019-12-04,12043.2001953125,0.004085307832292884
2019-12-05,12018.400390625,-0.00205923710353606
2019-12-06,11921.5,-0.008062669529681155
2019-12-09,11937.5,0.001342112989137334
2019-12-10,11856.7998046875,-0.006760225785340301
2019-12-11,11910.150390625,0.0044995771891509495
2019-12-12,11971.7998046875,0.005176207859728388
2019-12-13,12086.7001953125,0.009597587037832866
2019-12-16,12053.9501953125,-0.0027095898360001147
2019-12-17,12165.0,0.009212731336046609
2019-12-18,12221.650390625,0.004656834412248179
2019-12-19,12259.7001953125,0.003113311498149862
2019-12-20,12271.7998046875,0.000986941701855537
2019-12-23,12262.75,-0.0007374472230261553
2019-12-24,12214.5498046875,-0.003930618769240168
2019-12-26,12126.5498046875,-0.007204522590446127
2019-12-27,12245.7998046875,0.009833794601157297
2019-12-30,12255.849609375,0.0008206736062803532
2019-12-31,12168.4501953125,-0.007131240742024536
2020-01-01,12182.5,0.001154609211690083
2020-01-02,12282.2001953125,0.008183886337984836
2020-01-03,12226.650390625,-0.004522789386603554
2020-01-06,11993.0498046875,-0.019105853072941215
2020-01-07,12052.9501953125,0.004994592001242859
2020-01-08,12025.349609375,-0.0022899444111396106
2020-01-09,12215.900390625,0.015845758122611686
2020-01-10,12256.7998046875,0.0033480474426501594
2020-01-13,12329.5498046875,0.0059354808073293075
2020-01-14,12362.2998046875,0.0026562202609821117
2020-01-15,12343.2998046875,-0.0015369308543056182
2020-01-16,12355.5,0.000988406301843714
2020-01-17,12352.349609375,-0.000254978804985595
2020-01-20,12224.5498046875,-0.010346193941151438
2020-01-21,12169.849609375,-0.004474618385662321
2020-01-22,12106.900390625,-0.005172555189302153
2020-01-23,12180.349609375,0.0060667236352978104
2020-01-24,12248.25,0.005574584704263197
2020-01-27,12119.0,-0.010552527912150667
2020-01-28,12055.7998046875,-0.005214967844912932
2020-01-29,12129.5,0.006113256399948197
2020-01-30,12035.7998046875,-0.0077249841553650445
2020-01-31,11962.099609375,-0.006123414854723341
2020-02-03,11707.900390625,-0.021250384719316173
2020-02-04,11979.650390625,0.02321082268667074
2020-02-05,12089.150390625,0.009140500467834434
2020-02-06,12137.9501953125,0.004036661230167438
2020-02-07,12098.349609375,-0.0032625431230384194
2020-02-10,12031.5,-0.005525514763038308
2020-02-11,12107.900390625,0.006350030388978967
2020-02-12,12201.2001953125,0.0077056964194832656
2020-02-13,12174.650390625,-0.0021759994314084485
2020-02-14,12113.4501953125,-0.005026854435148831
2020-02-17,12045.7998046875,-0.00558473346026378
2020-02-18,11992.5,-0.004424762618648104
2020-02-19,12125.900390625,0.011123651500938081
2020-02-20,12080.849609375,-0.003715252459506435
2020-02-24,11829.400390625,-0.02081386879900149
2020-02-25,11797.900390625,-0.002662856861702312
2020-02-26,11678.5,-0.010120477938589723
2020-02-27,11633.2998046875,-0.003870376787472707
2020-02-28,11201.75,-0.03709607866493836
2020-03-02,11132.75,-0.006159751824491688
2020-03-03,11303.2998046875,0.015319647408546855
2020-03-04,11251.0,-0.004626950146523701
2020-03-05,11269.0,0.0015998577904186018
2020-03-06,10989.4501953125,-0.024806975302821943
2020-03-09,10451.4501953125,-0.048956043335951605
2020-03-11,10458.400390625,0.0006649981756232659
2020-03-12,9590.150390625,-0.08301938801064712
2020-03-13,9955.2001953125,0.03806507612689369
2020-03-16,9197.400390625,-0.07612100106679087
2020-03-17,8967.0498046875,-0.02504518409052825
2020-03-18,8468.7998046875,-0.05556454027271507
2020-03-19,8263.4501953125,-0.024247781753128472
2020-03-20,8745.4501953125,0.058329146858465686
2020-03-23,7610.25,-0.12980466070471242
2020-03-24,7801.0498046875,0.02507142402516349
2020-03-25,8317.849609375,0.06624746894667499
2020-03-26,8641.4501953125,0.038904356430389475
2020-03-27,8660.25,0.0021755381634551707
2020-03-30,8281.099609375,-0.04378053643081892
2020-03-31,8597.75,0.03823772271336057
2020-04-01,8253.7998046875,-0.04000467509668226
2020-04-03,8083.7998046875,-0.020596574186770744
2020-04-07,8792.2001953125,0.08763210467115035
2020-04-08,8748.75,-0.004941902407507137
2020-04-09,9111.900390625,0.04150883161880259
2020-04-13,8993.849609375,-0.01295567073707915
2020-04-15,8925.2998046875,-0.007621853562688519
2020-04-16,8992.7998046875,0.007562771164790316
2020-04-17,9266.75,0.03046328187687486
2020-04-20,9261.849609375,-0.0005288143766692954
2020-04-21,8981.4501953125,-0.030274667144095657
2020-04-22,9187.2998046875,0.02291941778872575
2020-04-23,9313.900390625,0.01377995587701486
2020-04-24,9154.400390625,-0.017124941572334906
2020-04-27,9282.2998046875,0.013971358975458648
2020-04-28,9380.900390625,0.010622430648890235
2020-04-29,9553.349609375,0.018383013524196468
2020-04-30,9859.900390625,0.03208830345213909
2020-05-04,9293.5,-0.05744483901313502
2020-05-05,9205.599609375,-0.009458265521601117
2020-05-06,9270.900390625,0.007093593467121684
2020-05-07,9199.0498046875,-0.007750119504051356
2020-05-08,9251.5,0.0057016970693835045
2020-05-11,9239.2001953125,-0.0013294930214019507
2020-05-12,9196.5498046875,-0.004616242718351149
2020-05-13,9383.5498046875,0.02033371253039773
2020-05-14,9142.75,-0.025661909373274727
2020-05-15,9136.849609375,-0.0006453627874545287
2020-05-18,8823.25,-0.034322509703259896
2020-05-19,8879.099609375,0.00632982284022332
2020-05-20,9066.5498046875,0.021111396826158035
2020-05-21,9106.25,0.004378754451001221
2020-05-22,9039.25,-0.0073575840768702605
2020-05-26,9029.0498046875,-0.0011284338094974533
2020-05-27,9314.9501953125,0.03166450477176164
2020-05-28,9490.099609375,0.018803043536468778
2020-05-29,9580.2998046875,0.009504662651105722
2020-06-01,9826.150390625,0.025662097319460564
2020-06-02,9979.099609375,0.015565527970742954
2020-06-03,10061.5498046875,0.008262288035990828
2020-06-04,10029.099609375,-0.003225168681009971
2020-06-05,10142.150390625,0.011272276241460544
2020-06-08,10167.4501953125,0.002494520758722585
2020-06-09,10046.650390625,-0.011881032349997822
2020-06-10,10116.150390625,0.006917728526201428
2020-06-11,9902.0,-0.021169158460066062
2020-06-12,9972.900390625,0.00716020911179549
2020-06-15,9813.7001953125,-0.015963279394844432
2020-06-16,9914.0,0.010220386061458031
2020-06-17,9881.150390625,-0.0033134566648174157
2020-06-18,10091.650390625,0.021303187551898528
2020-06-19,10244.400390625,0.015136275444292302
2020-06-22,10311.2001953125,0.006520616350433883
2020-06-23,10471.0,0.015497691991291696
2020-06-24,10305.2998046875,-0.015824677233549855
2020-06-25,10288.900390625,-0.001591357298992957
2020-06-26,10383.0,0.00914574014738645
2020-06-29,10312.400390625,-0.006799538608783573
2020-06-30,10302.099609375,-0.0009988732845714887
2020-07-01,10430.0498046875,0.012419817334717198
2020-07-02,10551.7001953125,0.011663452514898642
2020-07-03,10607.349609375,0.005273976044848361
2020-07-06,10763.650390625,0.014735139974255018
2020-07-07,10799.650390625,0.003344590235981215
2020-07-08,10705.75,-0.00869476207364206
2020-07-09,10813.4501953125,0.010060032721901813
2020-07-10,10768.0498046875,-0.004198511095439339
2020-07-13,10802.7001953125,0.003217889149241815
2020-07-14,10607.349609375,-0.01808349601540049
2020-07-15,10618.2001953125,0.0010229309240368245
2020-07-16,10739.9501953125,0.011466161662100571
2020-07-17,10901.7001953125,0.01506059125586967
2020-07-20,11022.2001953125,0.011053321760931656
2020-07-21,11162.25,0.012706156865764484
2020-07-22,11132.599609375,-0.0026563094918139463
2020-07-23,11215.4501953125,0.007442159858846331
2020-07-24,11194.150390625,-0.0018991484351116306
2020-07-27,11131.7998046875,-0.005569925698846956
2020-07-28,11300.5498046875,0.0151592736988444
2020-07-29,11202.849609375,-0.008645614328603224
2020-07-30,11102.150390625,-0.008988714680747911
2020-07-31,11073.4501953125,-0.002585102372305803
2020-08-03,10891.599609375,-0.016422215545293994
2020-08-04,11095.25,0.018697932161379383
2020-08-05,11101.650390625,0.0005768586219327965
2020-08-06,11200.150390625,0.008872554668374333
2020-08-07,11214.0498046875,0.0012410024488720417
2020-08-10,11270.150390625,0.005002705259437024
2020-08-11,11322.5,0.004644978776729314
2020-08-12,11308.400390625,-0.0012452735151247118
2020-08-13,11300.4501953125,-0.0007030344733010008
2020-08-14,11178.400390625,-0.010800437378868932
2020-08-17,11247.099609375,0.0061457110453491115
2020-08-18,11385.349609375,0.012292057935075373
2020-08-19,11408.400390625,0.002024600213507588
2020-08-20,11312.2001953125,-0.008432399987605033
2020-08-21,11371.599609375,0.005250916093857194
2020-08-24,11466.4501953125,0.008341006471886514
2020-08-25,11472.25,0.0005058064691958464
2020-08-26,11549.599609375,0.0067423225064831005
2020-08-27,11559.25,0.0008355606212675504
2020-08-28,11647.599609375,0.007643195654994939
2020-08-31,11387.5,-0.022330747801946216
2020-09-01,11470.25,0.007266739846322645
2020-09-02,11535.0,0.005645038251127943
2020-09-03,11527.4501953125,-0.0006545127600779965
2020-09-04,11333.849609375,-0.016794744948559814
2020-09-07,11355.0498046875,0.0018705202595032944
2020-09-08,11317.349609375,-0.0033201259317187093
2020-09-09,11278.0,-0.003476927967516641
2020-09-10,11449.25,0.015184429863450921
2020-09-11,11464.4501953125,0.0013276149365679668
2020-09-14,11440.0498046875,-0.0021283524468515003
2020-09-15,11521.7998046875,0.007145947910690342
2020-09-16,11604.5498046875,0.0071820376506051
2020-09-17,11516.099609375,-0.007622027291120936
2020-09-18,11504.9501953125,-0.0009681588767627147
2020-09-21,11250.5498046875,-0.02211225483867385
2020-09-22,11153.650390625,-0.00861286032635733
2020-09-23,11131.849609375,-0.0019545871070447696
2020-09-24,10805.5498046875,-0.029312272096516434
2020-09-25,11050.25,0.022645788482354545
2020-09-28,11227.5498046875,0.016044868187371275
2020-09-29,11222.400390625,-0.0004586409458945395
2020-09-30,11247.5498046875,0.002241001317642377
2020-10-01,11416.9501953125,0.015061092732783665
2020-10-05,11503.349609375,0.0075676439490797165
2020-10-06,11662.400390625,0.013826475474619793
2020-10-07,11738.849609375,0.006555187284725372
2020-10-08,11834.599609375,0.008156676606839941
2020-10-09,11914.2001953125,0.0067260903253916204
2020-10-12,11930.9501953125,0.0014058853909966196
2020-10-13,11934.5,0.0002975290843887368
2020-10-14,11971.0498046875,0.0030625333853533387
2020-10-15,11680.349609375,-0.02428360085835335
2020-10-16,11762.4501953125,0.007028949362235082
2020-10-19,11873.0498046875,0.009402769621849272
2020-10-20,11896.7998046875,0.002000328507897331
2020-10-21,11937.650390625,0.0034337457642519276
2020-10-22,11896.4501953125,-0.0034512817819539743
2020-10-23,11930.349609375,0.0028495402835257977
2020-10-26,11767.75,-0.013629073304543216
2020-10-27,11889.400390625,0.010337608346965288
2020-10-28,11729.599609375,-0.013440608945763599
2020-10-29,11670.7998046875,-0.005012942184360991
2020-10-30,11642.400390625,-0.002433373422367602
2020-11-02,11669.150390625,0.002297636149117599
2020-11-03,11813.5,0.01237019016319918
2020-11-04,11908.5,0.008041647267956087
2020-11-05,12120.2998046875,0.017785598915690537
2020-11-06,12263.5498046875,0.011819014571289532
2020-11-09,12461.0498046875,0.016104635537461442
2020-11-10,12631.099609375,0.01364650710436388
2020-11-11,12749.150390625,0.009346041508720315
2020-11-12,12690.7998046875,-0.004576821525331454
2020-11-13,12719.9501953125,0.002296970330761372
2020-11-17,12874.2001953125,0.012126619808373373
2020-11-18,12938.25,0.004975051165572175
2020-11-19,12771.7001953125,-0.01287266861341374
2020-11-20,12859.0498046875,0.00683930941371913
2020-11-23,12926.4501953125,0.005241475198302092
2020-11-24,13055.150390625,0.0099563448098976
2020-11-25,12858.400390625,-0.015070680468092346
2020-11-26,12987.0,0.010001213639976747
2020-11-27,12968.9501953125,-0.001389836350773832
2020-12-01,13109.0498046875,0.010802694687318537
2020-12-02,13113.75,0.0003585458429504751
2020-12-03,13133.900390625,0.0015365849299400214
2020-12-04,13258.5498046875,0.009490662358873525
2020-12-07,13355.75,0.007331133249439903
2020-12-08,13392.9501953125,0.002785331809333158
2020-12-09,13529.099609375,0.010165752285866914
2020-12-10,13478.2998046875,-0.0037548548058806697
2020-12-11,13513.849609375,0.002637558535026452
2020-12-14,13558.150390625,0.0032781762806703973
2020-12-15,13567.849609375,0.0007153791977927426
2020-12-16,13682.7001953125,0.008464907059269056
2020-12-17,13740.7001953125,0.004238929390550483
2020-12-18,13760.5498046875,0.0014445849987885229
2020-12-21,13328.400390625,-0.0314049525779333
2020-12-22,13466.2998046875,0.010346283876607965
2020-12-23,13601.099609375,0.010010159185716239
2020-12-24,13749.25,0.01089253037474136
2020-12-28,13873.2001953125,0.009015051389166695
2020-12-29,13932.599609375,0.004281594241144937
2020-12-30,13981.9501953125,0.003542094606974411
2020-12-31,13981.75,-1.4318125132972703e-05
2021-01-01,14018.5,0.0026284263414808606
2021-01-04,14132.900390625,0.00816067272711063
2021-01-05,14199.5,0.004712380865514287
2021-01-06,14146.25,-0.0037501320469031096
2021-01-07,14137.349609375,-0.0006291696120880319
2021-01-08,14347.25,0.014847223590326086
2021-01-11,14484.75,0.009583718134137165
2021-01-12,14563.4501953125,0.005433314024232416
2021-01-13,14564.849609375,9.609083312889233e-05
2021-01-14,14595.599609375,0.002111247340323086
2021-01-15,14433.7001953125,-0.011092344158201595
2021-01-18,14281.2998046875,-0.010558650142566628
2021-01-19,14521.150390625,0.016794730817062842
2021-01-20,14644.7001953125,0.008508265623863087
2021-01-21,14590.349609375,-0.0037112802046228577
2021-01-22,14371.900390625,-0.014972171647596122
2021-01-25,14238.900390625,-0.009254169343308138
2021-01-27,13967.5,-0.019060488041877988
2021-01-28,13817.5498046875,-0.010735650281904374
2021-01-29,13634.599609375,-0.013240422354072856
2021-02-01,14281.2001953125,0.047423511101338356
2021-02-02,14647.849609375,0.02567357148195737
2021-02-03,14789.9501953125,0.009701122671723184
2021-02-04,14895.650390625,0.0071467580293813615
2021-02-05,14924.25,0.0019199973566108586
2021-02-08,15115.7998046875,0.01283480273296811
2021-02-09,15109.2998046875,-0.0004300136336804483
2021-02-10,15106.5,-0.00018530340410816137
2021-02-11,15173.2998046875,0.004421924647502795
2021-02-12,15163.2998046875,-0.0006590524229219685
2021-02-15,15314.7001953125,0.00998465984153385
2021-02-16,15313.4501953125,-8.162092525865194e-05
2021-02-17,15208.900390625,-0.006827318687430917
2021-02-18,15118.9501953125,-0.005914312869584326
2021-02-19,14981.75,-0.009074717063029758
2021-02-22,14675.7001953125,-0.020428174591586412
2021-02-23,14707.7998046875,0.0021872625461001327
2021-02-24,14982.0,0.01864318245786234
2021-02-25,15097.349609375,0.007699213013950157
2021-02-26,14529.150390625,-0.03763569324758598
2021-03-01,14761.5498046875,0.015995389118723446
2021-03-02,14919.099609375,0.010672985341787733
2021-03-03,15245.599609375,0.021884698711632122
2021-03-04,15080.75,-0.010812930524138231
2021-03-05,14938.099609375,-0.009459104528952489
2021-03-08,14956.2001953125,0.0012117060677612201
2021-03-09,15098.400390625,0.00950777560179139
2021-03-10,15174.7998046875,0.005060099883821945
2021-03-12,15030.9501953125,-0.009479506235763657
2021-03-15,14929.5,-0.006749419963093084
2021-03-16,14910.4501953125,-0.001275984104457617
2021-03-17,14721.2998046875,-0.012685759862868795
2021-03-18,14557.849609375,-0.011102973071742905
2021-03-19,14744.0,0.012786942826028547
2021-03-22,14736.400390625,-0.000515437423697751
2021-03-23,14814.75,0.00531673999743143
2021-03-24,14549.400390625,-0.017911176994211853
2021-03-25,14324.900390625,-0.015430189146808937
2021-03-26,14507.2998046875,0.012733031929623273
2021-03-30,14845.099609375,0.02328481586755049
2021-03-31,14690.7001953125,-0.010400699094332388
2021-04-01,14867.349609375,0.012024574166918489
2021-04-05,14637.7998046875,-0.015439860548026041
2021-04-06,14683.5,0.003122067245233451
2021-04-07,14819.0498046875,0.009231436965811968
2021-04-08,14873.7998046875,0.0036945688638336804
2021-04-09,14834.849609375,-0.0026187118170183377
2021-04-12,14310.7998046875,-0.03532558930400764
2021-04-13,14504.7998046875,0.013556195506029933
2021-04-15,14581.4501953125,0.005284484560774683
2021-04-16,14617.849609375,0.002496282165007191
2021-04-19,14359.4501953125,-0.017676978554819645
2021-04-20,14296.400390625,-0.004390823034999047
2021-04-22,14406.150390625,0.007676757575422188
2021-04-23,14341.349609375,-0.004498133053794207
2021-04-26,14485.0,0.010016518287169873
2021-04-27,14653.0498046875,0.011601643402658013
2021-04-28,14864.5498046875,0.014433855260107098
2021-04-29,14894.900390625,0.0020418099664161193
2021-04-30,14631.099609375,-0.017710812045177438
2021-05-03,14634.150390625,0.00020851346320172048
2021-05-04,14496.5,-0.00940610742344028
2021-05-05,14617.849609375,0.0083709591539336
2021-05-06,14724.7998046875,0.0073164109749706
2021-05-07,14823.150390625,0.006679247748155426
2021-05-10,14942.349609375,0.008041422748121585
2021-05-11,14850.75,-0.006130201191218876
2021-05-12,14696.5,-0.0103866808073666
2021-05-14,14677.7998046875,-0.0012724250884564858
2021-05-17,14923.150390625,0.01671576048197254
2021-05-18,15108.099609375,0.012393443335275034
2021-05-19,15030.150390625,-0.005159432408138875
2021-05-20,14906.0498046875,-0.00825677606093067
2021-05-21,15175.2998046875,0.01806313567497475
2021-05-24,15197.7001953125,0.001476108604989923
2021-05-25,15208.4501953125,0.0007073438653115716
2021-05-26,15301.4501953125,0.006115021504864648
2021-05-27,15337.849609375,0.002378821196545866
2021-05-28,15435.650390625,0.006376433707514062
2021-05-31,15582.7998046875,0.009533088035724946
2021-06-01,15574.849609375,-0.0005101904286871628
2021-06-02,15576.2001953125,8.67158252806366e-05
2021-06-03,15690.349609375,0.0073284506253876724
2021-06-04,15670.25,-0.001281017305247989
2021-06-07,15751.650390625,0.0051945814919991395
2021-06-08,15740.099609375,-0.0007333060957773752
2021-06-09,15635.349609375,-0.006654976944212576
2021-06-10,15737.75,0.0065492869160790335
2021-06-11,15799.349609375,0.003914130633349666
2021-06-14,15811.849609375,0.0007911718082738162
2021-06-15,15869.25,0.003630213545097627
2021-06-16,15767.5498046875,-0.006408632752808119
2021-06-17,15691.400390625,-0.0048295020472909345
2021-06-18,15683.349609375,-0.000513069646403852
2021-06-21,15746.5,0.004026588209654625
2021-06-22,15772.75,0.0016670371193598932
2021-06-23,15686.9501953125,-0.005439749231269109
2021-06-24,15790.4501953125,0.006597840798329813
2021-06-25,15860.349609375,0.0044266891189239654
2021-06-28,15814.7001953125,-0.0028782098242977616
2021-06-29,15748.4501953125,-0.0041891404314852165
2021-06-30,15721.5,-0.0017112919035373597
2021-07-01,15680.0,-0.002639697229908089
2021-07-02,15722.2001953125,0.002691338986766656
2021-07-05,15834.349609375,0.007133188273225066
2021-07-06,15818.25,-0.0010167521731027085
2021-07-07,15879.650390625,0.0038816171589777237
2021-07-08,15727.900390625,-0.0095562557277451
2021-07-09,15689.7998046875,-0.0024224839292732447
2021-07-12,15692.599609375,0.00017844744498685117
2021-07-13,15812.349609375,0.007630985495128417
2021-07-14,15853.9501953125,0.0026308921169333477
2021-07-15,15924.2001953125,0.004431072328003882
2021-07-16,15923.400390625,-5.0225736783704455e-05
2021-07-19,15752.400390625,-0.010738912280361723
2021-07-20,15632.099609375,-0.0076369809214345
2021-07-22,15824.0498046875,0.012279233123449584
2021-07-23,15856.0498046875,0.002022238326785386
2021-07-26,15824.4501953125,-0.0019929055322251976
2021-07-27,15746.4501953125,-0.004929081202650898
2021-07-28,15709.400390625,-0.002352898858342667
2021-07-29,15778.4501953125,0.004395444954646832
2021-07-30,15763.0498046875,-0.000976039499086867
2021-08-02,15885.150390625,0.007746000136419795
2021-08-03,16130.75,0.015460955882416139
2021-08-04,16258.7998046875,0.007938242467802281
2021-08-05,16294.599609375,0.0022018725316477195
2021-08-06,16238.2001953125,-0.003461233501561467
2021-08-09,16258.25,0.0012347307242392969
2021-08-10,16280.099609375,0.0013439090538649445
2021-08-11,16282.25,0.00013208706805212245
2021-08-12,16364.400390625,0.005045395484346349
2021-08-13,16529.099609375,0.010064482340847336
2021-08-16,16563.05078125,0.002054024277023725
2021-08-17,16614.599609375,0.0031122785775283823
2021-08-18,16568.849609375,-0.00275360231817956
2021-08-20,16450.5,-0.007142898400624986
2021-08-23,16496.44921875,0.0027931806783987323
2021-08-24,16624.599609375,0.007768362083601765
2021-08-25,16634.650390625,0.0006045728309951315
2021-08-26,16636.900390625,0.00013525983096518424
2021-08-27,16705.19921875,0.004105261588480014
2021-08-30,16931.05078125,0.013519836521704187
2021-08-31,17132.19921875,0.011880446175423387
2021-09-01,17076.25,-0.00326573477436376
2021-09-02,17234.150390625,0.009246783727399066
2021-09-03,17323.599609375,0.005190230833697296
2021-09-06,17377.80078125,0.0031287476677577253
2021-09-07,17362.099609375,-0.0009035189246697772
2021-09-08,17353.5,-0.0004953092983268625
2021-09-09,17369.25,0.0009075978909154347
2021-09-13,17355.30078125,-0.000803098507419775
2021-09-14,17380.0,0.001423151293159064
2021-09-15,17519.44921875,0.00802354538262362
2021-09-16,17629.5,0.006281634763507293
2021-09-17,17585.150390625,-0.002515647600612625
2021-09-20,17396.900390625,-0.010705054879733056
2021-09-21,17562.0,0.00949017386246398
2021-09-22,17546.650390625,-0.0008740239935656202
2021-09-23,17822.94921875,0.015746528367181822
2021-09-24,17853.19921875,0.0016972499684944076
2021-09-27,17855.099609375,0.00010644538279747096
2021-09-28,17748.599609375,-0.0059646824901542495
2021-09-29,17711.30078125,-0.0021015082285871234
2021-09-30,17618.150390625,-0.005259376020738893
2021-10-01,17532.05078125,-0.004886983449795879
2021-10-04,17691.25,0.009080467581137563
2021-10-05,17822.30078125,0.007407660919946268
2021-10-06,17646.0,-0.009892144870289554
2021-10-07,17790.349609375,0.008180302016037588
2021-10-08,17895.19921875,0.005893622760496431
2021-10-11,17945.94921875,0.0028359561343596074
2021-10-12,17991.94921875,0.0025632525445875576
2021-10-13,18161.75,0.00943759784921161
2021-10-14,18338.55078125,0.009734787740718787
2021-10-18,18477.05078125,0.007552396132719963
2021-10-19,18418.75,-0.003155307734996393
2021-10-20,18266.599609375,-0.008260625212080042
2021-10-21,18178.099609375,-0.004844908296702255
2021-10-22,18114.900390625,-0.003476668084567369
2021-10-25,18125.400390625,0.000579633328010587
2021-10-26,18268.400390625,0.007889480889700096
2021-10-27,18210.94921875,-0.0031448386638428527
2021-10-28,17857.25,-0.0194223384240636
2021-10-29,17671.650390625,-0.010393515763905459
2021-11-01,17929.650390625,0.014599655057507821
2021-11-02,17888.94921875,-0.002270048271341696
2021-11-03,17829.19921875,-0.0033400508475575075
2021-11-04,17916.80078125,0.004913376165984751
2021-11-08,18068.55078125,0.008469704042186388
2021-11-09,18044.25,-0.001344921435271762
2021-11-10,18017.19921875,-0.0014991358050348014
2021-11-11,17873.599609375,-0.007970140510272006
2021-11-12,18102.75,0.012820606684330382
2021-11-15,18109.44921875,0.0003700663573213969
2021-11-16,17999.19921875,-0.006087981951756416
2021-11-17,17898.650390625,-0.005586294529162039
2021-11-18,17764.80078125,-0.007478195643460861
2021-11-22,17416.55078125,-0.019603372100156835
2021-11-23,17503.349609375,0.004983697932798847
2021-11-24,17415.05078125,-0.0050446817378146935
2021-11-25,17536.25,0.006959452503032093
2021-11-26,17026.44921875,-0.029071254187753914
2021-11-29,17053.94921875,0.0016151341742889347
2021-11-30,16983.19921875,-0.004148599194972014
2021-12-01,17166.900390625,0.01081664117042136
2021-12-02,17401.650390625,0.013674571102433752
2021-12-03,17196.69921875,-0.01177768586739425
2021-12-06,16912.25,-0.01654091957599968
2021-12-07,17176.69921875,0.015636548581649423
2021-12-08,17469.75,0.017060948527881648
2021-12-09,17516.849609375,0.002696066593683266
2021-12-10,17511.30078125,-0.00031677089480919296
2021-12-13,17368.25,-0.008169055116863166
2021-12-14,17324.900390625,-0.002495911181322197
2021-12-15,17221.400390625,-0.005974060321640162
2021-12-16,17248.400390625,0.0015678167505297491
2021-12-17,16985.19921875,-0.01525945397337003
2021-12-20,16614.19921875,-0.021842546279377872
2021-12-21,16770.849609375,0.00942870544420904
2021-12-22,16955.44921875,0.011007170994593363
2021-12-23,17072.599609375,0.006909306212627531
2021-12-24,17003.75,-0.004032754879180422
2021-12-27,17086.25,0.004851870910828504
2021-12-28,17233.25,0.008603409174043453
2021-12-29,17213.599609375,-0.0011402602889762914
2021-12-30,17203.94921875,-0.0005606259494814747
2021-12-31,17354.05078125,0.008724831757606522
2022-01-03,17625.69921875,0.015653315812207858
2022-01-04,17805.25,0.01018687423526421
2022-01-05,17925.25,0.0067395852346920915
2022-01-06,17745.900390625,-0.010005417462796928
2022-01-07,17812.69921875,0.003764183651131514
2022-01-10,18003.30078125,0.010700318921871732
2022-01-11,18055.75,0.002913311252602302
2022-01-12,18212.349609375,0.008673115731830494
2022-01-13,18257.80078125,0.0024956237305924223
2022-01-14,18255.75,-0.00011232356375068253
2022-01-17,18308.099609375,0.0028675682661627455
2022-01-18,18113.05078125,-0.010653690567923424
2022-01-19,17938.400390625,-0.00964224043394124
2022-01-20,17757.0,-0.010112406160797005
2022-01-21,17617.150390625,-0.007875745304668613
2022-01-24,17149.099609375,-0.02656790518738339
2022-01-25,17277.94921875,0.007513491221694313
2022-01-27,17110.150390625,-0.00971173291462768
2022-01-28,17101.94921875,-0.0004793161771092791
2022-01-31,17339.849609375,0.0139107178709299
2022-02-01,17576.849609375,0.013667938611870323
2022-02-02,17780.0,0.011557838585399605
2022-02-03,17560.19921875,-0.012362248664229525
2022-02-04,17516.30078125,-0.0024998826581151823
2022-02-07,17213.599609375,-0.017281112927623465
2022-02-08,17266.75,0.0030876976246183574
2022-02-09,17463.80078125,0.01141215233034587
2022-02-10,17605.849609375,0.008133901085124018
2022-02-11,17374.75,-0.01312629691281364
2022-02-14,16842.80078125,-0.03061622289529342
2022-02-15,17352.44921875,0.03025912638397754
2022-02-16,17322.19921875,-0.0017432697608654735
2022-02-17,17304.599609375,-0.001016014719190439
2022-02-18,17276.30078125,-0.0016353356196504576
2022-02-21,17206.650390625,-0.004031556958107085
2022-02-22,17092.19921875,-0.006651566067580439
2022-02-23,17063.25,-0.0016937094155936583
2022-02-24,16247.9501953125,-0.04778103847083648
2022-02-25,16658.400390625,0.025261660109649586
2022-02-28,16793.900390625,0.008134034290366632
2022-03-02,16605.94921875,-0.011191633122935585
2022-03-03,16498.05078125,-0.00649757722841704
2022-03-04,16245.349609375,-0.015317032007332254
2022-03-07,15863.150390625,-0.02352668473994779
2022-03-08,16013.4501953125,0.009474776509483585
2022-03-09,16345.349609375,0.020726290088294297
2022-03-10,16594.900390625,0.01526738719047449
2022-03-11,16630.44921875,0.0021421537513466316
2022-03-14,16871.30078125,0.014482565042708062
2022-03-15,16663.0,-0.012346456503312231
2022-03-16,16975.349609375,0.018745100484606647
2022-03-17,17287.05078125,0.018361988356508263
2022-03-21,17117.599609375,-0.009802202470463706
2022-03-22,17315.5,0.011561223252155806
2022-03-23,17245.650390625,-0.0040339354552280104
2022-03-24,17222.75,-0.0013278937068936791
2022-03-25,17153.0,-0.004049875890900112
2022-03-28,17222.0,0.004022619949862971
2022-03-29,17325.30078125,0.005998187274997013
2022-03-30,17498.25,0.009982465582194733
2022-03-31,17464.75,-0.001914477162001882
2022-04-01,17670.44921875,0.011777965258592316
2022-04-04,18053.400390625,0.021671841339984343
2022-04-05,17957.400390625,-0.005317557796472028
2022-04-06,17807.650390625,-0.008339180323571727
2022-04-07,17639.55078125,-0.00943974110495216
2022-04-08,17784.349609375,0.008208759390795572
2022-04-11,17674.94921875,-0.006151497975913078
2022-04-12,17530.30078125,-0.008183810641252287
2022-04-13,17475.650390625,-0.0031174816283502382
2022-04-18,17173.650390625,-0.017281188010147552
2022-04-19,16958.650390625,-0.012519178806467801
2022-04-20,17136.55078125,0.010490244596548015
2022-04-21,17392.599609375,0.014941678252146096
2022-04-22,17171.94921875,-0.012686452605167986
2022-04-25,16953.94921875,-0.012695122564301942
2022-04-26,17200.80078125,0.014560121616207233
2022-04-27,17038.400390625,-0.009441443610115341
2022-04-28,17245.05078125,0.012128508890934642
2022-04-29,17102.55078125,-0.008263240381694681
2022-05-02,17069.099609375,-0.0019559171203674675
2022-05-04,16677.599609375,-0.022936183451936376
2022-05-05,16682.650390625,0.00030284821366977077
2022-05-06,16411.25,-0.0162684216398562
2022-05-09,16301.849609375,-0.006666182687180999
2022-05-10,16240.0498046875,-0.003790968888092272
2022-05-11,16167.099609375,-0.0044919933245182175
2022-05-12,15808.0,-0.022211752141785834
2022-05-13,15782.150390625,-0.0016352232651188903
2022-05-16,15842.2998046875,0.0038112305721171857
2022-05-17,16259.2998046875,0.026321935902047233
2022-05-18,16240.2998046875,-0.0011685620062508173
2022-05-19,15809.400390625,-0.026532725334179386
2022-05-20,16266.150390625,0.028891038794289337
2022-05-23,16214.7001953125,-0.0031630222318707046
2022-05-24,16125.150390625,-0.005522754266735541
2022-05-25,16025.7998046875,-0.006161219184365629
2022-05-26,16170.150390625,0.009007387318995308
2022-05-27,16352.4501953125,0.011273847198922216
2022-05-30,16661.400390625,0.018893205092962884
2022-05-31,16584.55078125,-0.004612433983534836
2022-06-01,16522.75,-0.0037264067061659745
2022-06-02,16628.0,0.006370004993115463
2022-06-03,16584.30078125,-0.002628050201467391
2022-06-06,16569.55078125,-0.0008893953501298846
2022-06-07,16416.349609375,-0.009245946006475991
2022-06-08,16356.25,-0.0036609606157923524
2022-06-09,16478.099609375,0.00744972774168895
2022-06-10,16201.7998046875,-0.016767698414100085
2022-06-13,15774.400390625,-0.026379749115209128
2022-06-14,15732.099609375,-0.00268160945598539
2022-06-15,15692.150390625,-0.0025393443813560568
2022-06-16,15360.599609375,-0.021128447854290244
2022-06-17,15293.5,-0.00436829362663993
2022-06-20,15350.150390625,0.0037042135956451006
2022-06-21,15638.7998046875,0.018804337854487096
2022-06-22,15413.2998046875,-0.014419265085317434
2022-06-23,15556.650390625,0.009300447519609234
2022-06-24,15699.25,0.009166472588529428
2022-06-27,15832.0498046875,0.008458990377725017
2022-06-28,15850.2001953125,0.0011464333961117568
2022-06-29,15799.099609375,-0.0032239710103227903
2022-06-30,15780.25,-0.001193081241402827
2022-07-01,15752.0498046875,-0.0017870563085186086
2022-07-04,15835.349609375,0.005288188249805481
2022-07-05,15810.849609375,-0.0015471713984448465
2022-07-06,15989.7998046875,0.011318189707300252
2022-07-07,16132.900390625,0.00894949203151052
2022-07-08,16220.599609375,0.005436047866567373
2022-07-11,16216.0,-0.00028356592763323363
2022-07-12,16058.2998046875,-0.0097249750439381
2022-07-13,15966.650390625,-0.005707292501522909
2022-07-14,15938.650390625,-0.0017536552323109689
2022-07-15,16049.2001953125,0.0069359576863876615
2022-07-18,16278.5,0.014287304158276504
2022-07-19,16340.5498046875,0.003811764271124396
2022-07-20,16520.849609375,0.01103388850696918
2022-07-21,16605.25,0.005108719746296009
2022-07-22,16719.44921875,0.006877295960614926
2022-07-25,16631.0,-0.005290199311757782
2022-07-26,16483.849609375,-0.00884795806776506
2022-07-27,16641.80078125,0.0095821774414373
2022-07-28,16929.599609375,0.017293731123692924
2022-07-29,17158.25,0.013505953826479233
2022-08-01,17340.05078125,0.010595531668439406
2022-08-02,17345.44921875,0.000311327663805816
2022-08-03,17388.150390625,0.002461808358865669
2022-08-04,17382.0,-0.0003537116074355806
2022-08-05,17397.5,0.0008917270739845495
2022-08-08,17525.099609375,0.007334364671648164
2022-08-10,17534.75,0.0005506610997998429
2022-08-11,17659.0,0.007085929368824795
2022-08-12,17698.150390625,0.0022170219505635025
2022-08-16,17825.25,0.007181519343531395
2022-08-17,17944.25,0.006675923198833145
2022-08-18,17956.5,0.0006826699360520383
2022-08-19,17758.44921875,-0.011029475746944017
2022-08-22,17490.69921875,-0.0150773300473388
2022-08-23,17577.5,0.00496268217550444
2022-08-24,17604.94921875,0.001561611079505143
2022-08-25,17522.44921875,-0.004686182219266755
2022-08-26,17558.900390625,0.002080255529346653
2022-08-29,17312.900390625,-0.014009988924553851
2022-08-30,17759.30078125,0.02578426378902554
2022-09-01,17542.80078125,-0.012190795272107646
2022-09-02,17539.44921875,-0.0001910505934481499
2022-09-05,17665.80078125,0.007203850071011875
2022-09-06,17655.599609375,-0.0005774531254664206
2022-09-07,17624.400390625,-0.0017671004916441913
2022-09-08,17798.75,0.009892512965589573
2022-09-09,17833.349609375,0.0019439347917691308
2022-09-12,17936.349609375,0.005775695663245095
2022-09-13,18070.05078125,0.007454201929980142
2022-09-14,18003.75,-0.0036690976717561608
2022-09-15,17877.400390625,-0.007017960667916379
2022-09-16,17530.849609375,-0.019384853148544656
2022-09-19,17622.25,0.0052136885924867205
2022-09-20,17816.25,0.011008809885230342
2022-09-21,17718.349609375,-0.005495005437451739
2022-09-22,17629.80078125,-0.004997577656902563
2022-09-23,17327.349609375,-0.017155677232420508
2022-09-26,17016.30078125,-0.017951321762256445
2022-09-27,17007.400390625,-0.0005230508522044985
2022-09-28,16858.599609375,-0.00874917846539458
2022-09-29,16818.099609375,-0.0024023347691036756
2022-09-30,17094.349609375,0.01642575596626905
2022-10-03,16887.349609375,-0.012109264448790458
2022-10-04,17274.30078125,0.02291367093271912
2022-10-06,17331.80078125,0.0033286441360573793
2022-10-07,17314.650390625,-0.0009895331040011834
2022-10-10,17241.0,-0.00425364584114718
2022-10-11,16983.55078125,-0.014932383199930399
2022-10-12,17123.599609375,0.008246145339619648
2022-10-13,17014.349609375,-0.006380083772817624
2022-10-14,17185.69921875,0.010070888003887335
2022-10-17,17311.80078125,0.007337586960815656
2022-10-18,17486.94921875,0.010117285874136073
2022-10-19,17512.25,0.0014468379208691928
2022-10-20,17563.94921875,0.0029521745492440132
2022-10-21,17576.30078125,0.0007032337856462956
2022-10-24,17730.75,0.008787356376761757
2022-10-25,17656.349609375,-0.004196122026705051
2022-10-27,17736.94921875,0.004564907874966551
2022-10-28,17786.80078125,0.002810605244745412
2022-10-31,18012.19921875,0.012672230395564199
2022-11-01,18145.400390625,0.007395053222392978
2022-11-02,18082.849609375,-0.003447197631545107
2022-11-03,18052.69921875,-0.0016673473084335422
2022-11-04,18117.150390625,0.003570168155688336
2022-11-07,18202.80078125,0.004727586225111935
2022-11-09,18157.0,-0.002516139235956394
2022-11-10,18028.19921875,-0.007093725904609771
2022-11-11,18349.69921875,0.017833173247033374
2022-11-14,18329.150390625,-0.0011198455015547504
2022-11-15,18403.400390625,0.004050924260950772
2022-11-16,18409.650390625,0.0003396111515991951
2022-11-17,18343.900390625,-0.00357149639481924
2022-11-18,18307.650390625,-0.00197613371355454
2022-11-21,18159.94921875,-0.008067729540576885
2022-11-22,18244.19921875,0.00463933015368867
2022-11-23,18267.25,0.0012634580983039712
2022-11-24,18484.099609375,0.011870949889830174
2022-11-25,18512.75,0.0015500019600884762
2022-11-28,18562.75,0.0027008413120686026
2022-11-29,18618.05078125,0.00297912654375021
2022-11-30,18758.349609375,0.007535634625419174
2022-12-01,18812.5,0.002886735334004964
2022-12-02,18696.099609375,-0.006187396179402005
2022-12-05,18701.05078125,0.00026482378562620035
2022-12-06,18642.75,-0.0031175136590962937
2022-12-07,18560.5,-0.004411902750398933
2022-12-08,18609.349609375,0.002631912360927746
2022-12-09,18496.599609375,-0.006058782405979346
2022-12-12,18497.150390625,2.977743269738653e-05
2022-12-13,18608.0,0.0059927938646799905
2022-12-14,18660.30078125,0.002810661073194387
2022-12-15,18414.900390625,-0.013150934355333654
2022-12-16,18269.0,-0.00792295301794177
2022-12-19,18420.44921875,0.008289956688926514
2022-12-20,18385.30078125,-0.0019081205394395617
2022-12-21,18199.099609375,-0.01012771964355863
2022-12-22,18127.349609375,-0.003942502735851727
2022-12-23,17806.80078125,-0.01768316025411787
2022-12-26,18014.599609375,0.011669632893506865
2022-12-27,18132.30078125,0.006533654614990558
2022-12-28,18122.5,-0.0005405150382313817
2022-12-29,18191.0,0.00377983170092433
2022-12-30,18105.30078125,-0.00471107793689185
2023-01-02,18197.44921875,0.005089583355357918
2023-01-03,18232.55078125,0.00192892762485819
2023-01-04,18042.94921875,-0.010399069487028845
2023-01-05,17992.150390625,-0.0028154392892826285
2023-01-06,17859.44921875,-0.007375503705446151
2023-01-09,18101.19921875,0.013536251708490266
2023-01-10,17914.150390625,-0.010333504750958511
2023-01-11,17895.69921875,-0.0010299775022909463
2023-01-12,17858.19921875,-0.00209547554088918
2023-01-13,17956.599609375,0.005510095918388247
2023-01-16,17894.849609375,-0.003438847072569362
2023-01-17,18053.30078125,0.008854568511824201
2023-01-18,18165.349609375,0.006206556323560042
2023-01-19,18107.849609375,-0.003165367099256078
2023-01-20,18027.650390625,-0.004428975305189153
2023-01-23,18118.55078125,0.005042276095628795
2023-01-24,18118.30078125,-1.3798013043020418e-05
2023-01-25,17891.94921875,-0.01249297962501228
2023-01-27,17604.349609375,-0.016074246906178757
2023-01-30,17648.94921875,0.0025334426073457816
2023-01-31,17662.150390625,0.0007479862801675896
2023-02-01,17616.30078125,-0.0025959245256645946
2023-02-02,17610.400390625,-0.0003349392530399564
2023-02-03,17854.05078125,0.013835596307890219
2023-02-06,17764.599609375,-0.005010133160870178
2023-02-07,17721.5,-0.0024261514654264627
2023-02-08,17871.69921875,0.008475536424681795
2023-02-09,17893.44921875,0.0012170079483646568
2023-02-10,17856.5,-0.0020649578680046465
2023-02-13,17770.900390625,-0.00479375070002519
2023-02-14,17929.849609375,0.0089443537049958
2023-02-15,18015.849609375,0.004796470794436125
2023-02-16,18035.849609375,0.0011101336008929596
2023-02-17,17944.19921875,-0.005081567689351307
2023-02-20,17844.599609375,-0.005550518480140765
2023-02-21,17826.69921875,-0.001003126492992057
2023-02-22,17554.30078125,-0.015280363131582653
2023-02-23,17511.25,-0.002452434977984641
2023-02-24,17465.80078125,-0.002595429723749043
2023-02-27,17392.69921875,-0.004185411445805309
2023-02-28,17303.94921875,-0.0051027157362857345
2023-03-01,17450.900390625,0.008492348770636093
2023-03-02,17321.900390625,-0.007392168719804415
2023-03-03,17594.349609375,0.015728598629827895
2023-03-06,17711.44921875,0.006655523618366965
2023-03-08,17754.400390625,0.0024250512391459367
2023-03-09,17589.599609375,-0.009282249899975281
2023-03-10,17412.900390625,-0.010045664635585094
2023-03-13,17154.30078125,-0.014851035931626178
2023-03-14,17043.30078125,-0.006470680525861194
2023-03-15,16972.150390625,-0.004174683738684903
2023-03-16,16985.599609375,0.0007924286811309411
2023-03-17,17100.05078125,0.006738129621978839
2023-03-20,16988.400390625,-0.0065292432199922645
2023-03-21,17107.5,0.007010642946744028
2023-03-22,17151.900390625,0.0025953757489405316
2023-03-23,17076.900390625,-0.004372693304643627
2023-03-24,16945.05078125,-0.007720933328590696
2023-03-27,16985.69921875,0.0023988383407489433
2023-03-28,16951.69921875,-0.002001683861354908
2023-03-29,17080.69921875,0.007609856589321451
2023-03-31,17359.75,0.016337198944623932
2023-04-03,17398.05078125,0.002206297973761151
2023-04-05,17557.05078125,0.009138954817361267
2023-04-06,17599.150390625,0.002397874785437182
2023-04-10,17624.05078125,0.0014148632219350699
2023-04-11,17722.30078125,0.005574768321964241
2023-04-12,17812.400390625,0.005083967961446945
2023-04-13,17828.0,0.0008757724412713497
2023-04-17,17706.849609375,-0.006795512150830185
2023-04-18,17660.150390625,-0.0026373533282438855
2023-04-19,17618.75,-0.002344283016240789
2023-04-20,17624.44921875,0.0003234746363958152
2023-04-21,17624.05078125,-2.260708945023282e-05
2023-04-24,17743.400390625,0.006771973756565242
2023-04-25,17769.25,0.0014568576938982503
2023-04-26,17813.599609375,0.0024958627615121465
2023-04-27,17915.05078125,0.005695152810193838
2023-04-28,18065.0,0.008370013603697934
2023-05-02,18147.650390625,0.004575166931912511
2023-05-03,18089.849609375,-0.00318502836487633
2023-05-04,18255.80078125,0.009173717607303677
2023-05-05,18069.0,-0.010232406865540389
2023-05-08,18264.400390625,0.010814123118324304
2023-05-09,18265.94921875,8.480038171931881e-05
2023-05-10,18315.099609375,0.0026908205008338015
2023-05-11,18297.0,-0.0009882342854272697
2023-05-12,18314.80078125,0.0009728797753729701
2023-05-15,18398.849609375,0.004589120522186851
2023-05-16,18286.5,-0.006106338807060685
2023-05-17,18181.75,-0.005728269488420423
2023-05-18,18129.94921875,-0.002849053652701161
2023-05-19,18203.400390625,0.0040513721791914925
2023-05-22,18314.400390625,0.006097761825706316
2023-05-23,18348.0,0.001834600568861644
2023-05-24,18285.400390625,-0.0034117947119577385
2023-05-25,18321.150390625,0.001955111686716471
2023-05-26,18499.349609375,0.009726420827874671
2023-05-29,18598.650390625,0.005367798508963517
2023-05-30,18633.849609375,0.0018925684396833287
2023-05-31,18534.400390625,-0.0053370195013254795
2023-06-01,18487.75,-0.0025169624936233204
2023-06-02,18534.099609375,0.002507044360454902
2023-06-05,18593.849609375,0.003223787573137793
2023-06-06,18599.0,0.00027699431442118616
2023-06-07,18726.400390625,0.006849851638528914
2023-06-08,18634.55078125,-0.0049048192636628185
2023-06-09,18563.400390625,-0.00381819725413457
2023-06-12,18601.5,0.0020524046550352004
2023-06-13,18716.150390625,0.0061635024393194016
2023-06-14,18755.900390625,0.0021238341844009856
2023-06-15,18688.099609375,-0.0036149041015322014
2023-06-16,18826.0,0.0073790483520230765
2023-06-19,18755.44921875,-0.0037475183921172883
2023-06-20,18816.69921875,0.003265717567498605
2023-06-21,18856.849609375,0.0021337637466720683
2023-06-22,18771.25,-0.004539443817404343
2023-06-23,18665.5,-0.005633615236065759
2023-06-26,18691.19921875,0.0013768299134766515
2023-06-27,18817.400390625,0.00675190341711196
2023-06-28,18972.099609375,0.00822107281232487
2023-06-30,19189.05078125,0.01143527476356887
2023-07-03,19322.55078125,0.00695709243369369
2023-07-04,19389.0,0.003438946519135566
2023-07-05,19398.5,0.0004899685388621844
2023-07-06,19497.30078125,0.00509321758125636
2023-07-07,19331.80078125,-0.00848835445771845
2023-07-10,19355.900390625,0.0012466303397029588
2023-07-11,19439.400390625,0.004313930032438185
2023-07-12,19384.30078125,-0.002834429471475497
2023-07-13,19413.75,0.0015192303855748879
2023-07-14,19564.5,0.007765114931427508
2023-07-17,19711.44921875,0.007511013251041421
2023-07-18,19749.25,0.001917706853032497
2023-07-19,19833.150390625,0.004248282371482448
2023-07-20,19979.150390625,0.007361412439498949
2023-07-21,19745.0,-0.011719737128305097
2023-07-24,19672.349609375,-0.0036794322929856182
2023-07-25,19680.599609375,0.0004193703428323481
2023-07-26,19778.30078125,0.004964339187534694
2023-07-27,19659.900390625,-0.0059863783008722304
2023-07-28,19646.05078125,-0.0007044597937843067
2023-07-31,19753.80078125,0.005484562836559181
2023-08-01,19733.55078125,-0.0010251191770254131
2023-08-02,19526.55078125,-0.010489749274959825
2023-08-03,19381.650390625,-0.007420685416911321
2023-08-04,19517.0,0.006983389270114548
2023-08-07,19597.30078125,0.004114401867602702
2023-08-08,19570.849609375,-0.0013497354646058168
2023-08-09,19632.55078125,0.003152707884763739
2023-08-10,19543.099609375,-0.004556268458015711
2023-08-11,19428.30078125,-0.005874136161590715
2023-08-14,19434.55078125,0.00032169565781225984
2023-08-16,19465.0,0.0015667570139761278
2023-08-17,19365.25,-0.005124582584125403
2023-08-18,19310.150390625,-0.0028452826260957353
2023-08-21,19393.599609375,0.0043215209131937105
2023-08-22,19396.44921875,0.00014693555773015454
2023-08-23,19444.0,0.0024515199000461063
2023-08-24,19386.69921875,-0.002946964680621278
2023-08-25,19265.80078125,-0.006236153774081932
2023-08-28,19306.05078125,0.002089194238900971
2023-08-29,19342.650390625,0.0018957584743610756
2023-08-30,19347.44921875,0.0002480956863764039
2023-08-31,19253.80078125,-0.004840350603388277
2023-09-01,19435.30078125,0.009426710188917609
2023-09-04,19528.80078125,0.004810833701642592
2023-09-05,19574.900390625,0.0023605960187407238
2023-09-06,19611.05078125,0.0018467726478093027
2023-09-07,19727.05078125,0.005915032360780392
2023-09-08,19819.94921875,0.004709190366575022
2023-09-11,19996.349609375,0.008900143420050854
2023-09-12,19993.19921875,-0.0001575482868895195
2023-09-13,20070.0,0.003841345269944396
2023-09-14,20103.099609375,0.001649208239910216
2023-09-15,20192.349609375,0.004439613877174287
2023-09-18,20133.30078125,-0.002924316846098174
2023-09-20,19901.400390625,-0.011518249945432046
2023-09-21,19742.349609375,-0.007991939166498319
2023-09-22,19674.25,-0.003449417659114995
2023-09-25,19674.55078125,1.5288066889551644e-05
2023-09-26,19664.69921875,-0.0005007261720755274
2023-09-27,19716.44921875,0.002631619198663282
2023-09-28,19523.55078125,-0.009783629666773708
2023-09-29,19638.30078125,0.005877516917168757
2023-10-03,19528.75,-0.005578424654468894
2023-10-04,19436.099609375,-0.004744307271330683
2023-10-05,19545.75,0.005641584105285702
2023-10-06,19653.5,0.0055127073660514725
2023-10-09,19512.349609375,-0.00718194675884698
2023-10-10,19689.849609375,0.00909680297624016
2023-10-11,19811.349609375,0.006170692128707245
2023-10-12,19794.0,-0.0008757409120068171
2023-10-13,19751.05078125,-0.0021698099802970328
2023-10-16,19731.75,-0.0009772027556287366
2023-10-17,19811.5,0.004041709427698992
2023-10-18,19671.099609375,-0.007086812741337156
2023-10-19,19624.69921875,-0.0023588102112444
2023-10-20,19542.650390625,-0.004180896084593599
2023-10-23,19281.75,-0.013350307425555652
2023-10-25,19122.150390625,-0.008277236732921023
2023-10-26,18857.25,-0.013853064912347501
2023-10-27,19047.25,0.010075700327460302
2023-10-30,19140.900390625,0.004916740769664862
2023-10-31,19079.599609375,-0.0032026069828995363
2023-11-01,18989.150390625,-0.004740624572936891
2023-11-02,19133.25,0.007588523257266999
2023-11-03,19230.599609375,0.005087980838331285
2023-11-06,19411.75,0.00941990339899168
2023-11-07,19406.69921875,-0.000260191958478706
2023-11-08,19443.5,0.0018962926582819506
2023-11-09,19395.30078125,-0.002478937369815082
2023-11-10,19425.349609375,0.001549283945833313
2023-11-13,19443.55078125,0.0009369804014345284
2023-11-15,19675.44921875,0.011926753508604282
2023-11-16,19765.19921875,0.004561522280999375
2023-11-17,19731.80078125,-0.0016897597201204206
2023-11-20,19694.0,-0.0019157289123818977
2023-11-21,19783.400390625,0.0045394734754240496
2023-11-22,19811.849609375,0.0014380348265852216
2023-11-23,19802.0,-0.0004971574875239915
2023-11-24,19794.69921875,-0.00036868908443588033
2023-11-28,19889.69921875,0.004799264638990497
2023-11-29,20096.599609375,0.010402389113554511
2023-11-30,20133.150390625,0.0018187545137213768
2023-12-01,20267.900390625,0.0066929416105065975
2023-12-04,20686.80078125,0.020668169003769332
2023-12-05,20855.099609375,0.008135565760247543
2023-12-06,20937.69921875,0.003960643244200535
2023-12-07,20901.150390625,-0.0017455990623970186
2023-12-08,20969.400390625,0.003265370504707432
2023-12-11,20997.099609375,0.001320935183362959
2023-12-12,20906.400390625,-0.004319607014175553
2023-12-13,20926.349609375,0.0009542158562574343
2023-12-14,21182.69921875,0.012250087289956912
2023-12-15,21456.650390625,0.012932779200891975
2023-12-18,21418.650390625,-0.0017710126840955187
2023-12-19,21453.099609375,0.0016083748565725031
2023-12-20,21150.150390625,-0.01412146609423337
2023-12-21,21255.05078125,0.004959794076523361
2023-12-22,21349.400390625,0.004438926556610712
2023-12-26,21441.349609375,0.004306875934107168
2023-12-27,21654.75,0.0099527499207277
2023-12-28,21778.69921875,0.005723881307796219
2023-12-29,21731.400390625,-0.0021717930740454694
2024-01-01,21741.900390625,0.00048317180721269004
2024-01-02,21665.80078125,-0.003500136051024061
2024-01-03,21517.349609375,-0.00685186637566948
2024-01-04,21658.599609375,0.006564470186349425
2024-01-05,21710.80078125,0.002410182228605562
2024-01-08,21513.0,-0.00911070868564301
2024-01-09,21544.849609375,0.0014804820050666745
2024-01-10,21618.69921875,0.0034277152411805734
2024-01-11,21647.19921875,0.0013183031833516878
2024-01-12,21894.55078125,0.011426492637705898
2024-01-15,22097.44921875,0.009267074694848665
2024-01-16,22032.30078125,-0.0029482333845447517
2024-01-17,21571.94921875,-0.020894393512082443
2024-01-18,21462.25,-0.0050852715087356115
2024-01-19,21622.400390625,0.00746195718645537
2024-01-23,21238.80078125,-0.01774084294273448
2024-01-24,21453.94921875,0.010129971071150878
2024-01-25,21352.599609375,-0.004724053755400193
2024-01-29,21737.599609375,0.018030591452244726
2024-01-30,21522.099609375,-0.009913698102483215
2024-01-31,21725.69921875,0.009460025419002926
2024-02-01,21697.44921875,-0.0013003033741542103
2024-02-02,21853.80078125,0.007205988175093214
2024-02-05,21771.69921875,-0.0037568550808078083
2024-02-06,21929.400390625,0.007243402101531293
2024-02-07,21930.5,5.014315737827957e-05
2024-02-08,21717.94921875,-0.009692017110872975
2024-02-09,21782.5,0.0029722318898448563
2024-02-12,21616.05078125,-0.0076414194307357075
2024-02-13,21743.25,0.005884480011507653
2024-02-14,21840.05078125,0.004451992284961959
2024-02-15,21910.75,0.0032371361888359207
2024-02-16,22040.69921875,0.005930843022260657
2024-02-19,22122.25,0.0037000088082788096
2024-02-20,22196.94921875,0.0033766555730090353
2024-02-21,22055.05078125,-0.006392700010330099
2024-02-22,22217.44921875,0.0073633218581414805
2024-02-23,22212.69921875,-0.0002137959201901074
2024-02-26,22122.05078125,-0.004080928508836235
2024-02-27,22198.349609375,0.003448994348646428
2024-02-28,21951.150390625,-0.011135927809948543
2024-02-29,21982.80078125,0.0014418556686905948
2024-03-01,22338.75,0.016192168700068565
2024-03-04,22405.599609375,0.0029925402887358565
2024-03-05,22356.30078125,-0.00220029050703785
2024-03-06,22474.05078125,0.005266971542034149
2024-03-07,22493.55078125,0.0008676673462120199
2024-03-11,22332.650390625,-0.007153178801771132
2024-03-12,22335.69921875,0.0001365188668460693
2024-03-13,21997.69921875,-0.015132725270416536
2024-03-14,22146.650390625,0.006771215952804832
2024-03-15,22023.349609375,-0.005567468627318717
2024-03-18,22055.69921875,0.0014688778023679294
2024-03-19,21817.44921875,-0.010802196640288697
2024-03-20,21839.099609375,0.0009923428906801757
2024-03-21,22011.94921875,0.0079146856998078
2024-03-22,22096.75,0.0038524885010076115
2024-03-26,22004.69921875,-0.00416580634029895
2024-03-27,22123.650390625,0.005405716783151604
2024-03-28,22326.900390625,0.009187001078543977
2024-04-01,22462.0,0.006050979178091831
2024-04-02,22453.30078125,-0.0003872860275131451
2024-04-03,22434.650390625,-0.0008306302403686683
2024-04-04,22514.650390625,0.003565912488363576
2024-04-05,22513.69921875,-4.224679746289706e-05
2024-04-08,22666.30078125,0.006778164752814453
2024-04-09,22642.75,-0.0010390218270411866
2024-04-10,22753.80078125,0.0049044741142307835
2024-04-12,22519.400390625,-0.010301592814249916
2024-04-15,22272.5,-0.010963897188301042
2024-04-16,22147.900390625,-0.005594325260972033
2024-04-18,21995.849609375,-0.0068652458503182245
2024-04-19,22147.0,0.0068717686886063944
2024-04-22,22336.400390625,0.008551965982977361
2024-04-23,22368.0,0.0014147135985376202
2024-04-24,22402.400390625,0.0015379287654238016
2024-04-25,22570.349609375,0.0074969296067168845
2024-04-26,22419.94921875,-0.006663626980883297
2024-04-29,22643.400390625,0.00996662256880243
2024-04-30,22604.849609375,-0.00170251731563964
2024-05-02,22648.19921875,0.0019177127972140884
2024-05-03,22475.849609375,-0.007609859296553445
2024-05-06,22442.69921875,-0.0014749338156797576
2024-05-07,22302.5,-0.006246985595782073
2024-05-08,22302.5,0.0
2024-05-09,21957.5,-0.01546911781190452
2024-05-10,22055.19921875,0.0044494691449390444
2024-05-13,22104.05078125,0.0022149680905385605
2024-05-14,22217.849609375,0.005148324587705533
2024-05-15,22200.55078125,-0.0007786004689536163
2024-05-16,22403.849609375,0.009157377676264788
2024-05-17,22466.099609375,0.0027785403439750667
2024-05-21,22529.05078125,0.002802051667603722
2024-05-22,22597.80078125,0.0030516154749500313
2024-05-23,22967.650390625,0.01636661960848307
2024-05-24,22957.099609375,-0.0004593757337192361
2024-05-27,22932.44921875,-0.0010737589261899938
2024-05-28,22888.150390625,-0.0019317094176221072
2024-05-29,22704.69921875,-0.008015115627261094
2024-05-30,22488.650390625,-0.009515599658179275
2024-05-31,22530.69921875,0.0018697799732139142
2024-06-03,23263.900390625,0.03254231769535276
2024-06-04,21884.5,-0.05929359941641077
2024-06-05,22620.349609375,0.033624236760035675
2024-06-06,22821.400390625,0.008888049244237806
2024-06-07,23290.150390625,0.020539931466807104
2024-06-10,23259.19921875,-0.0013289382574128705
2024-06-11,23264.849609375,0.0002429314342191624
2024-06-12,23322.94921875,0.002497312914139238
2024-06-13,23398.900390625,0.0032564994745150067
2024-06-14,23465.599609375,0.0028505279152657437
2024-06-18,23557.900390625,0.003933450786960613
2024-06-19,23516.0,-0.0017786131162043084
2024-06-20,23567.0,0.0021687361796223215
2024-06-21,23501.099609375,-0.00279629951309035
2024-06-24,23537.849609375,0.00156375661610908
2024-06-25,23721.30078125,0.007793879853915442
2024-06-26,23868.80078125,0.006218040121837909
2024-06-27,24044.5,0.007361040898544724
2024-06-28,24010.599609375,-0.0014099020825968367
2024-07-01,24141.94921875,0.005470484349075377
2024-07-02,24123.849609375,-0.0007497161563467802
2024-07-03,24286.5,0.006742306607722792
2024-07-04,24302.150390625,0.0006444070008029268
2024-07-05,24323.849609375,0.0008928929498506211
2024-07-08,24320.55078125,-0.00013562113637344275
2024-07-09,24433.19921875,0.004631820986013446
2024-07-10,24324.44921875,-0.004450911197766749
2024-07-11,24315.94921875,-0.0003494426502141934
2024-07-12,24502.150390625,0.007657573644356042
2024-07-15,24586.69921875,0.003450669707641296
2024-07-16,24613.0,0.0010697158254551198
2024-07-18,24800.849609375,0.007632129743428306
2024-07-19,24530.900390625,-0.010884676251089243
2024-07-22,24509.25,-0.0008825762723847497
2024-07-23,24479.05078125,-0.0012321559717249908
2024-07-24,24413.5,-0.002677831825905974
2024-07-25,24406.099609375,-0.0003031269840456652
2024-07-26,24834.849609375,0.01756732976027453
2024-07-29,24836.099609375,5.03324972633834e-05
2024-07-30,24857.30078125,0.0008536433743000504
2024-07-31,24951.150390625,0.00377553501085659
2024-08-01,25010.900390625,0.0023946791656728195
2024-08-02,24717.69921875,-0.011722935491954689
2024-08-05,24055.599609375,-0.02678645789462286
2024-08-06,23992.55078125,-0.0026209626510589334
2024-08-07,24297.5,0.012710162480444431
2024-08-08,24117.0,-0.007428747813561065
2024-08-09,24367.5,0.010386864037815746
2024-08-12,24347.0,-0.0008412844977941925
2024-08-13,24139.0,-0.008543146999630324
2024-08-14,24143.75,0.00019677699987563635
2024-08-16,24541.150390625,0.016459762490292462
2024-08-19,24572.650390625,0.0012835584110202358
2024-08-20,24698.849609375,0.005135759339910173
2024-08-21,24770.19921875,0.0028887826964991703
2024-08-22,24811.5,0.001667357653657442
2024-08-23,24823.150390625,0.00046955607782672715
2024-08-26,25010.599609375,0.007551387144671073
2024-08-27,25017.75,0.0002858944102370753
2024-08-28,25052.349609375,0.0013830024432652799
2024-08-29,25151.94921875,0.00397565940632294
2024-08-30,25235.900390625,0.003337760073577778
2024-09-02,25278.69921875,0.001695950113232314
2024-09-03,25279.849609375,4.550829989491412e-05
2024-09-04,25198.69921875,-0.0032100820170585243
2024-09-05,25145.099609375,-0.0021270784221717465
2024-09-06,24852.150390625,-0.011650350298901935
2024-09-09,24936.400390625,0.003390048695012693
2024-09-10,25041.099609375,0.0041986500501236534
2024-09-11,24918.44921875,-0.004897963449619458
2024-09-12,25388.900390625,0.01887963282727112
2024-09-13,25356.5,-0.0012761636040355961
2024-09-16,25383.75,0.0010746751326089488
2024-09-17,25418.55078125,0.0013709866056039743
2024-09-18,25377.55078125,-0.0016129951842196455
2024-09-19,25415.80078125,0.0015072376499098983
2024-09-20,25790.94921875,0.014760441377741573
2024-09-23,25939.05078125,0.005742385099666292
2024-09-24,25940.400390625,5.2030021699067674e-05
2024-09-25,26004.150390625,0.0024575565157058943
2024-09-26,26216.05078125,0.008148714241454025
2024-09-27,26178.94921875,-0.0014152231703233875
2024-09-30,25810.849609375,-0.014060900852023384
2024-10-01,25796.900390625,-0.0005404401234794243
2024-10-03,25250.099609375,-0.021196375260987388
2024-10-04,25014.599609375,-0.009326695880144675
2024-10-07,24795.75,-0.008748875168602677
2024-10-08,25013.150390625,0.00876764730346924
2024-10-09,24981.94921875,-0.0012473907279866303
2024-10-10,24998.44921875,0.0006604768849507447
2024-10-11,24964.25,-0.0013680536120755926
2024-10-14,25127.94921875,0.006557345754428789
2024-10-15,25057.349609375,-0.0028096049048969007
2024-10-16,24971.30078125,-0.0034340754096676696
2024-10-17,24749.849609375,-0.008868227322834543
2024-10-18,24854.05078125,0.004210173941240125
2024-10-21,24781.099609375,-0.00293518237799828
2024-10-22,24472.099609375,-0.012469180337869368
2024-10-23,24435.5,-0.001495564743491773
2024-10-24,24399.400390625,-0.0014773427748562273
2024-10-25,24180.80078125,-0.008959220549493163
2024-10-28,24339.150390625,0.0065485676346082045
2024-10-29,24466.849609375,0.0052466588480091225
2024-10-30,24340.849609375,-0.005149825253829232
2024-10-31,24205.349609375,-0.005566773640794054
2024-11-01,24304.349609375,0.004090004961616156
2024-11-04,23995.349609375,-0.0127137736646451
2024-11-05,24213.30078125,0.00908305881860727
2024-11-06,24484.05078125,0.011181870759630508
2024-11-07,24199.349609375,-0.011628025706147627
2024-11-08,24148.19921875,-0.002113709312467793
2024-11-11,24141.30078125,-0.00028567088740283353
2024-11-12,23883.44921875,-0.010680930776533315
2024-11-13,23559.05078125,-0.013582562322921432
2024-11-14,23532.69921875,-0.0011185324376894457
2024-11-18,23453.80078125,-0.0033527151631265184
2024-11-19,23518.5,0.002758581406631766
2024-11-21,23349.900390625,-0.007168807933116472
2024-11-22,23907.25,0.023869464111237804
2024-11-25,24221.900390625,0.013161295867362366
2024-11-26,24194.5,-0.0011312238174179257
2024-11-27,24274.900390625,0.003323085437806128
2024-11-28,23914.150390625,-0.014861029054492936
2024-11-29,24131.099609375,0.009072001940535257
2024-12-02,24276.05078125,0.006006820004948565
2024-12-03,24457.150390625,0.007460011144599932
2024-12-04,24467.44921875,0.00042109681465385407
2024-12-05,24708.400390625,0.009847825562885104
2024-12-06,24677.80078125,-0.0012384293961259507
2024-12-09,24619.0,-0.0023827399277279726
2024-12-10,24610.05078125,-0.0003635086213900074
2024-12-11,24641.80078125,0.0012901233029631864
2024-12-12,24548.69921875,-0.003778196379659149
2024-12-13,24768.30078125,0.008945547808588916
2024-12-16,24668.25,-0.004039468921733236
2024-12-17,24336.0,-0.013468730047733413
2024-12-18,24198.849609375,-0.005635699812006956
2024-12-19,23951.69921875,-0.010213311567061067
2024-12-20,23587.5,-0.01520556915080562
2024-12-23,23753.44921875,0.0070354729729729115
2024-12-24,23727.650390625,-0.0010861087115143775
2024-12-26,23750.19921875,0.0009503186263191132
2024-12-27,23813.400390625,0.002661079652128029
2024-12-30,23644.900390625,-0.007075847935867907
2024-12-31,23644.80078125,-4.212721278373799e-06
2025-01-01,23742.900390625,0.004148887118253564
2025-01-02,24188.650390625,0.018774033191665485
2025-01-03,24004.75,-0.007602755327609123
2025-01-06,23616.05078125,-0.016192595996625703
2025-01-07,23707.900390625,0.0038892874268343647
2025-01-08,23688.94921875,-0.0007993610384197103
2025-01-09,23526.5,-0.006857594959147506
2025-01-10,23431.5,-0.004037999702463213
2025-01-13,23085.94921875,-0.014747275302477436
2025-01-14,23176.05078125,0.003902874499386977
2025-01-15,23213.19921875,0.0016028803979861728
2025-01-16,23311.80078125,0.004247650725383689
2025-01-17,23203.19921875,-0.004658651792672774
2025-01-20,23344.75,0.006100485537167577
2025-01-21,23024.650390625,-0.013711845677293555
2025-01-22,23155.349609375,0.0056764909144164655
2025-01-23,23205.349609375,0.0021593282262408753
2025-01-24,23092.19921875,-0.004876047658393667
2025-01-27,22829.150390625,-0.011391241935562957
2025-01-28,22957.25,0.005611229817278129
2025-01-29,23163.099609375,0.008966649288351114
2025-01-30,23249.5,0.003730087599762788
2025-01-31,23508.400390625,0.011135740150325812
2025-02-01,23482.150390625,-0.0011166221250199504
2025-02-03,23361.05078125,-0.005157091976693451
2025-02-04,23739.25,0.016189306820631133
2025-02-05,23696.30078125,-0.001809207062143936
2025-02-06,23603.349609375,-0.003922602634608197
2025-02-07,23559.94921875,-0.0018387386257991967
2025-02-10,23381.599609375,-0.007570033692307909
2025-02-11,23071.80078125,-0.013249684936046169
2025-02-12,23045.25,-0.0011507892904301098
2025-02-13,23031.400390625,-0.0006009745771905495
2025-02-14,22929.25,-0.004435266153706374
2025-02-17,22959.5,0.0013192755977626813
2025-02-18,22945.30078125,-0.0006184463402948426
2025-02-19,22932.900390625,-0.0005404326900405598
2025-02-20,22913.150390625,-0.0008612081186238907
2025-02-21,22795.900390625,-0.005117148798882476
2025-02-24,22553.349609375,-0.010640105330068539
2025-02-25,22547.55078125,-0.00025711604818956513
2025-02-27,22545.05078125,-0.00011087678764998277
2025-02-28,22124.69921875,-0.018644959666695105
2025-03-03,22119.30078125,-0.00024400049223838316
2025-03-04,22082.650390625,-0.0016569416451024388
2025-03-05,22337.30078125,0.011531695069225467
2025-03-06,22544.69921875,0.009284847776867
2025-03-07,22552.5,0.00034601398645017767
2025-03-10,22460.30078125,-0.004088203913091726
2025-03-11,22497.900390625,0.0016740474556060647
2025-03-12,22470.5,-0.0012179087892316698
2025-03-13,22397.19921875,-0.003262089461738671
2025-03-17,22508.75,0.004980568336268254
2025-03-18,22834.30078125,0.01446329899483545
2025-03-19,22907.599609375,0.0032100316461272094
2025-03-20,23190.650390625,0.012356195589090069
2025-03-21,23350.400390625,0.0068885519512889015
2025-03-24,23658.349609375,0.013188177230298859
2025-03-25,23668.650390625,0.00043539728764163677
2025-03-26,23486.849609375,-0.007681079328545448
2025-03-27,23591.94921875,0.004474827877002596
2025-03-28,23519.349609375,-0.0030773044101545244
2025-04-01,23165.69921875,-0.015036571865236992
2025-04-02,23332.349609375,0.0071938424586863725
2025-04-03,23250.099609375,-0.0035251486188494496
2025-04-04,22904.44921875,-0.014866619775066536
2025-04-07,22161.599609375,-0.03243254628305536
2025-04-08,22535.849609375,0.016887318902814252
2025-04-09,22399.150390625,-0.006065856008070525
2025-04-11,22828.55078125,0.019170387409190415
2025-04-15,23328.55078125,0.02190239778210845
2025-04-16,23437.19921875,0.004657316201027051
2025-04-17,23851.650390625,0.017683476937954135
2025-04-21,24125.55078125,0.011483498464016417
2025-04-22,24167.25,0.0017284255654137493
2025-04-23,24328.94921875,0.006690840652122221
2025-04-24,24246.69921875,-0.0033807460922566923
2025-04-25,24039.349609375,-0.00855166336268387
2025-04-28,24328.5,0.012028211882747275
2025-04-29,24335.94921875,0.0003061930965739812
2025-04-30,24334.19921875,-7.191007773188485e-05
2025-05-02,24346.69921875,0.0005136803511647248
2025-05-05,24461.150390625,0.004700890697612925
2025-05-06,24379.599609375,-0.0033338898599493128
2025-05-07,24414.400390625,0.0014274549954715887
2025-05-08,24273.80078125,-0.005758880297096702
2025-05-09,24008.0,-0.0109501096942064
2025-05-12,24924.69921875,0.038183073090219954
2025-05-13,24578.349609375,-0.01389583907654357
2025-05-14,24666.900390625,0.0036027960647213586
2025-05-15,25062.099609375,0.01602143814146184
2025-05-16,25019.80078125,-0.0016877607536591732
2025-05-19,24945.44921875,-0.0029717088137536374
2025-05-20,24683.900390625,-0.010484831354666824
2025-05-21,24813.44921875,0.00524831270888626
2025-05-22,24609.69921875,-0.008211272774042211
2025-05-23,24853.150390625,0.009892488718005854
2025-05-26,25001.150390625,0.005954979456279652
2025-05-27,24826.19921875,-0.0069977248703164685
2025-05-28,24752.44921875,-0.0029706520659956714
2025-05-29,24833.599609375,0.003278479228775888
2025-05-30,24750.69921875,-0.00333823496911434
2025-06-02,24716.599609375,-0.0013777230725331435
2025-06-03,24542.5,-0.007043833380258491
2025-06-04,24620.19921875,0.003165904807986175
2025-06-05,24750.900390625,0.005308696762106768
2025-06-06,25003.05078125,0.01018752395450262
2025-06-09,25103.19921875,0.004005448710087123
2025-06-10,25104.25,4.18584595869298e-05
2025-06-11,25141.400390625,0.0014798446727146697
2025-06-12,24888.19921875,-0.010071084662786611
2025-06-13,24718.599609375,-0.006814458847919758
2025-06-16,24946.5,0.00921979376770854
2025-06-17,24853.400390625,-0.0037319707924959866
2025-06-18,24812.05078125,-0.0016637405234334324
2025-06-19,24793.25,-0.0007577278241026608
2025-06-20,25112.400390625,0.01287247095983779
2025-06-23,24971.900390625,-0.0055948454872697395
2025-06-24,25044.349609375,0.0029012296868362597
2025-06-25,25244.75,0.008001820520425307
2025-06-26,25549.0,0.012052010814129765
2025-06-27,25637.80078125,0.003475704773181043
2025-06-30,25517.05078125,-0.004709842354665206
2025-07-01,25541.80078125,0.0009699396772837598
2025-07-02,25453.400390625,-0.0034610085397696055
2025-07-03,25405.30078125,-0.00188971251922454
2025-07-04,25461.0,0.0021924250859925998
2025-07-07,25461.30078125,1.1813410706551508e-05
2025-07-08,25522.5,0.0024036171315751087
2025-07-09,25476.099609375,-0.00181801902732881
2025-07-10,25355.25,-0.004743646446198069
2025-07-11,25149.849609375,-0.008100901810276007
2025-07-14,25082.30078125,-0.002685854157148504
2025-07-15,25195.80078125,0.004525103218794291
2025-07-16,25212.05078125,0.0006449487413033861
2025-07-17,25111.44921875,-0.003990217351728331
2025-07-18,24968.400390625,-0.0056965580472427835
2025-07-21,25090.69921875,0.004898144302865282
2025-07-22,25060.900390625,-0.0011876443882732346
2025-07-23,25219.900390625,0.006344544590244583
2025-07-24,25062.099609375,-0.006256994627491075
2025-07-25,24837.0,-0.008981674037030651
2025-07-28,24680.900390625,-0.006284962329387578
2025-07-29,24821.099609375,0.005680474234370125
2025-07-30,24855.05078125,0.001367835124523431
2025-07-31,24768.349609375,-0.0034882717656889994
2025-08-01,24565.349609375,-0.008195943742782208
2025-08-04,24722.75,0.006407415043054421
2025-08-05,24649.55078125,-0.0029608040671041946
2025-08-06,24574.19921875,-0.003056914228121266
2025-08-07,24596.150390625,0.0008932609229541644
2025-08-08,24363.30078125,-0.009466912735407229
2025-08-11,24585.05078125,0.009101804471857822
2025-08-12,24487.400390625,-0.003971941790719136
2025-08-13,24619.349609375,0.005388453516712133
2025-08-14,24631.30078125,0.00048543816407109475
2025-08-18,24876.94921875,0.009973019276634965
2025-08-19,24980.650390625,0.004168564680625764
2025-08-20,25050.55078125,0.0027981813736617234
2025-08-21,25083.75,0.0013252889742787488
2025-08-22,24870.099609375,-0.008517482060098724
2025-08-25,24967.75,0.003926417350905487
2025-08-26,24712.05078125,-0.010241179872034878
2025-08-28,24500.900390625,-0.008544430103923584
2025-08-29,24426.849609375,-0.0030223697933294824
2025-09-01,24625.05078125,0.008114070174605414
2025-09-02,24579.599609375,-0.0018457290617897026
2025-09-03,24715.05078125,0.0055107151470170646
2025-09-04,24734.30078125,0.0007788776228048189
2025-09-05,24741.0,0.00027084730671167456
2025-09-08,24773.150390625,0.0012994782193525012
2025-09-09,24868.599609375,0.003852930178235292
2025-09-10,24973.099609375,0.0042020862308871365
2025-09-11,25005.5,0.0012974116602184615
2025-09-12,25114.0,0.004339045410009845
2025-09-15,25069.19921875,-0.0017838966811339896
2025-09-16,25239.099609375,0.006777256391098607
2025-09-17,25330.25,0.003611475529465391
2025-09-18,25423.599609375,0.0036853015416349333
2025-09-19,25327.05078125,-0.0037976065391384095
2025-09-22,25202.349609375,-0.004923635718664832
2025-09-23,25169.5,-0.0013034343973540308
2025-09-24,25056.900390625,-0.00447365300760838
2025-09-25,24890.849609375,-0.006626948212322681
2025-09-26,24654.69921875,-0.009487437927231501
2025-09-29,24634.900390625,-0.0008030448049409777
2025-09-30,24611.099609375,-0.0009661407544825362
2025-10-01,24836.30078125,0.009150390492475902
2025-10-03,24894.25,0.0023332467769816567
2025-10-06,25077.650390625,0.007367178791287232
2025-10-07,25108.30078125,0.0012222193924698033
2025-10-08,25046.150390625,-0.0024752925801897474
2025-10-09,25181.80078125,0.005416017571936882
2025-10-10,25285.349609375,0.0041120501676790155
2025-10-13,25227.349609375,-0.0022938183927065925
2025-10-14,25145.5,-0.003244479132464395
2025-10-15,25323.55078125,0.007080820872521931
2025-10-16,25585.30078125,0.010336228211479837
2025-10-17,25709.849609375,0.004867983737610659
2025-10-20,25843.150390625,0.005184813729964155
2025-10-21,25868.599609375,0.0009847568259027106
2025-10-23,25891.400390625,0.0008814076368377499
2025-10-24,25795.150390625,-0.0037174505259611745
2025-10-27,25966.05078125,0.006625291500029773
2025-10-28,25936.19921875,-0.001149638146805021
2025-10-29,26053.900390625,0.0045381040946781415
2025-10-30,25877.849609375,-0.0067571756478100875
2025-10-31,25722.099609375,-0.006018660837397216
2025-11-03,25763.349609375,0.0016036793506921665
2025-11-04,25597.650390625,-0.006431586779760301
2025-11-06,25509.69921875,-0.0034359080045569534
2025-11-07,25492.30078125,-0.0006820322478444663
2025-11-10,25574.349609375,0.0032185728871263475
2025-11-11,25694.94921875,0.0047156471705849246
2025-11-12,25875.80078125,0.0070384090258497345
2025-11-13,25879.150390625,0.00012944949620363744
2025-11-14,25910.05078125,0.001194026471448284
2025-11-17,26013.44921875,0.0039906690408659795
2025-11-18,25910.05078125,-0.003974806902018679
2025-11-19,26052.650390625,0.005503640675154298
2025-11-20,26192.150390625,0.005354541588221684
2025-11-21,26068.150390625,-0.0047342428227803435
2025-11-24,25959.5,-0.004167936312968079
2025-11-25,25884.80078125,-0.002877529180069005
2025-11-26,26205.30078125,0.012381783530362567
2025-11-27,26215.55078125,0.0003911422381892571
2025-11-28,26202.94921875,-0.0004806903583736144
2025-12-01,26175.75,-0.0010380212747401751
2025-12-02,26032.19921875,-0.005484113396941881
2025-12-03,25986.0,-0.0017746951904364927
2025-12-04,26033.75,0.0018375278996383138
2025-12-05,26186.44921875,0.005865433091659877
2025-12-08,25960.55078125,-0.00862653945989178
2025-12-09,25839.650390625,-0.004657081109092687
2025-12-10,25758.0,-0.0031598875909956137
2025-12-11,25898.55078125,0.0054565875164998
2025-12-12,26046.94921875,0.005729990019651465
2025-12-15,26027.30078125,-0.0007543469807149705
2025-12-16,25860.099609375,-0.006424068837574293
2025-12-17,25818.55078125,-0.001606677033445636
2025-12-18,25815.55078125,-0.00011619552256891819
2025-12-19,25966.400390625,0.005843362036054733
2025-12-22,26172.400390625,0.00793332910611566
2025-12-23,26177.150390625,0.00018148889399149937
2025-12-24,26142.099609375,-0.0013389838361685946
2025-12-26,26042.30078125,-0.0038175521330050532
2025-12-29,25942.099609375,-0.003847631310177624
2025-12-30,25938.849609375,-0.00012527898855285713
2025-12-31,26129.599609375,0.0073538342244390265
2026-01-01,26146.55078125,0.0006487344669803274
2026-01-02,26328.55078125,0.006960765170238581
2026-01-05,26250.30078125,-0.0029720587604740167
2026-01-06,26178.69921875,-0.0027276473171363724
2026-01-07,26140.75,-0.001449622016468255
2026-01-08,25876.849609375,-0.010095364158449915
2026-01-09,25683.30078125,-0.007479613285493514
2026-01-12,25790.25,0.004164153963733375
2026-01-13,25732.30078125,-0.002246942885392733
2026-01-14,25665.599609375,-0.00259211846006413
2026-01-16,25694.349609375,0.0011201764399650926
2026-01-19,25585.5,-0.004236324757381116
2026-01-20,25232.5,-0.013796877137441155
2026-01-21,25157.5,-0.0029723570791637677
2026-01-22,25289.900390625,0.00526285960946038
2026-01-23,25048.650390625,-0.009539381186706164
2026-01-27,25175.400390625,0.005060152863462841
2026-01-28,25342.75,0.006647346488174222
2026-01-29,25418.900390625,0.0030048195489833507
2026-01-30,25320.650390625,-0.003865234077404689
2026-02-02,25088.400390625,-0.00917235522852089
2026-02-03,25727.55078125,0.025475932330218942
2026-02-04,25776.0,0.0018831648283172964
2026-02-05,25642.80078125,-0.00516756745616076
2026-02-06,25693.69921875,0.0019849016468285186
2026-02-09,25867.30078125,0.006756581098813275
2026-02-10,25935.150390625,0.0026229876069705504
2026-02-11,25953.849609375,0.0007209990483325601
2026-02-12,25807.19921875,-0.00565042923620962
2026-02-13,25471.099609375,-0.01302348257655217
2026-02-16,25682.75,0.008309432803093486
2026-02-17,25725.400390625,0.00166066292063749
2026-02-18,25819.349609375,0.003652002197183979
2026-02-19,25454.349609375,-0.014136684522350174
2026-02-20,25571.25,0.004592550680687868
2026-02-23,25713.0,0.00554333479982394
2026-02-24,25424.650390625,-0.011214156627970318
2026-02-25,25482.5,0.002275335490801167
2026-02-26,25496.55078125,0.0005513894339252978
2026-02-27,25178.650390625,-0.012468368500212268
2026-03-02,24865.69921875,-0.012429227421638323
2026-03-04,24480.5,-0.015491187895474101
2026-03-05,24765.900390625,0.011658274570576665
2026-03-06,24450.44921875,-0.012737318930444053
2026-03-09,24028.05078125,-0.017275692308183932
2026-03-10,24261.599609375,0.009719840791548862
2026-03-11,23866.849609375,-0.01627056774308744
2026-03-12,23639.150390625,-0.009540396930332928
2026-03-13,23151.099609375,-0.02064586811222946
2026-03-16,23408.80078125,0.011131271353117311
2026-03-17,23581.150390625,0.007362598835607637
2026-03-18,23777.80078125,0.008339304375208911
2026-03-19,23002.150390625,-0.03262077926216955
2026-03-20,23114.5,0.004884308965338757
2026-03-23,22512.650390625,-0.026037751600726855
2026-03-24,22912.400390625,0.017756683156527453
2026-03-25,23306.44921875,0.01719805962740728
2026-03-27,22819.599609375,-0.02088905112938999
2026-03-30,22331.400390625,-0.02139385559374285
2026-04-01,22679.400390625,0.015583438293735208
2026-04-02,22713.099609375,0.0014858954897207788
2026-04-06,22968.25,0.01123362266767347
2026-04-07,23123.650390625,0.0067658785769486585
2026-04-08,23997.349609375,0.03778379295615997
2026-04-09,23775.099609375,-0.009261439434677166
2026-04-10,24050.599609375,0.011587753764504383
2026-04-13,23842.650390625,-0.008646321593950623
2026-04-15,24231.30078125,0.016300637062472756
2026-04-16,24196.75,-0.0014258739785333319
2026-04-17,24353.55078125,0.006480241406387144
2026-04-20,24364.849609375,0.00046394992773279853
2026-04-21,24576.599609375,0.008690798564113589
2026-04-22,24378.099609375,-0.00807678861823835
2026-04-23,24173.05078125,-0.008411190019346093
2026-04-24,23897.94921875,-0.011380506539678703
2026-04-27,24092.69921875,0.008149234824183171
2026-04-28,23995.69921875,-0.004026115924964935
2026-04-29,24177.650390625,0.007582657634449097
2026-04-30,23997.55078125,-0.007449012061355398
2026-05-04,24119.30078125,0.005073434414612388
2026-05-05,24032.80078125,-0.0035863394542201554
2026-05-06,24330.94921875,0.01240589643353629
2026-05-07,24326.650390625,-0.00017668148029703623
2026-05-08,24176.150390625,-0.006186630612244115
2026-05-11,23815.849609375,-0.014903149402549887
2026-05-12,23379.55078125,-0.018319683541890175
2026-05-13,23412.599609375,0.0014135784059419176
2026-05-14,23689.599609375,0.011831236369372666
2026-05-15,23643.5,-0.0019459851637491088
2026-05-18,23649.94921875,0.0002727692071817778
2026-05-19,23618.0,-0.0013509212410769411
2026-05-20,23659.0,0.0017359640951817301
2026-05-21,23654.69921875,-0.00018178203854768427
2026-05-22,23719.30078125,0.002731024474358801
2026-05-25,24031.69921875,0.01317064277657587
2026-05-26,23913.69921875,-0.004910181295375682
2026-05-27,23907.150390625,-0.00027385257567613674
2026-05-29,23547.75,-0.015033175629577955
2026-06-01,23382.599609375,-0.007013425513053284
2026-06-02,23483.55078125,0.00431736306319519
2026-06-03,23405.599609375,-0.0033193946094914883
2026-06-04,23416.55078125,0.00046788683297016576
2026-06-05,23366.69921875,-0.0021289028843615165
2026-06-08,23123.0,-0.010429338627102713
2026-06-09,23242.099609375,0.005150698844224255
2026-06-10,23214.94921875,-0.0011681556778996294
2026-06-11,23161.599609375,-0.0022980713363744965
2026-06-12,23622.900390625,0.019916620139797336
2026-06-15,23853.900390625,0.009778646829145199
2026-06-16,23989.150390625,0.005669932287180934
2026-06-17,24085.69921875,0.004024687267071059
2026-06-18,24168.0,0.0034169978003351087
2026-06-19,24013.099609375,-0.006409317718677587
2026-06-22,24102.900390625,0.0037396580495980825
2026-06-23,23824.099609375,-0.011567105067506356
2026-06-24,24021.650390625,0.008292056551520766
2026-06-25,24056.0,0.0014299437722400388
2026-06-29,23946.25,-0.004562271366810755
2026-06-30,23865.75,-0.0033616954637991636
2026-07-01,24005.849609375,0.0058703208311072785
2026-07-02,24175.69921875,0.007075342557701703
2026-07-03,24270.849609375,0.003935786500487426
2026-07-06,24430.349609375,0.006571669412775316
2026-07-07,24398.69921875,-0.0012955357222089736
2026-07-08,23882.05078125,-0.02117524515827318
2026-07-09,23962.80078125,0.0033812004144717633
2026-07-10,24206.900390625,0.01018660596494203
2026-07-13,24211.0,0.0001693570555851842
2026-07-14,24052.05078125,-0.006565165369047166
2026-07-15,24078.5,0.0010996658451518648
2026-07-16,24072.75,-0.00023880225097083763
2026-07-17,24334.30078125,0.010865014643113069
2026-07-20,24238.5,-0.003936861885253551
2026-07-21,24187.69921875,-0.002095871495760848
2026-07-22,23996.25,-0.0079151479856997
2026-07-23,23869.599609375,-0.0052779242850445884
2026-07-24,23767.44921875,-0.004279518395644999
2026-07-27,23995.94921875,0.009613989195766948
2026-07-28,23985.349609375,-0.0004417249460887396
2026-07-29,24250.19921875,0.011042140877174367
2026-07-30,24317.150390625,0.0027608503860552247
2026-07-31,24383.599609375,0.0027326071386892803
2026-08-03,24774.30078125,0.01602311299947612
2026-08-04,24614.900390625,-0.006434102501316152
2026-08-05,24624.650390625,0.00039610154196334513
2026-08-06,24636.0,0.0004609043862535689
2026-08-07,24570.650390625,-0.0026526063230638552
2026-08-10,24583.80078125,0.0005352072662276885
2026-08-11,24471.69921875,-0.00455997685213505
2026-08-12,24435.94921875,-0.0014608711753293369
2026-08-13,24395.849609375,-0.0016410088683697088
2026-08-14,24366.0,-0.001223552770366676
2026-08-17,24287.650390625,-0.003215530221415075
2026-08-18,24154.900390625,-0.00546574073098649
2026-08-19,24078.30078125,-0.003171182995427735
2026-08-20,24231.849609375,0.006377062464663963
